failure
failure
failure
failure
failure
failure
failure
failure
failure
| d_next_o_id |
| 3001 |
| s_quantity |
| 75 |
| s_quantity |
| 51 |
| s_quantity |
| 22 |
| s_quantity |
| 92 |
| s_quantity |
| 20 |
| s_quantity |
| 94 |
| s_quantity |
| 12 |
| s_quantity |
| 22 |
| s_quantity |
| 62 |
| s_quantity |
| 96 |
| s_quantity |
| 59 |
| s_quantity |
| 41 |
| s_quantity |
| 20 |
| d_next_o_id |
| 3001 |
| s_quantity |
| 32 |
| s_quantity |
| 46 |
| s_quantity |
| 97 |
| s_quantity |
| 68 |
| s_quantity |
| 91 |
| s_quantity |
| 96 |
| s_quantity |
| 98 |
| s_quantity |
| 75 |
| s_quantity |
| 54 |
| s_quantity |
| 86 |
| s_quantity |
| 91 |
| s_quantity |
| 89 |
| s_quantity |
| 85 |
| s_quantity |
| 37 |
| d_next_o_id |
| 3001 |
| s_quantity |
| 77 |
| s_quantity |
| 37 |
| s_quantity |
| 79 |
| s_quantity |
| 18 |
| s_quantity |
| 26 |
| s_quantity |
| 46 |
| s_quantity |
| 38 |
| s_quantity |
| 32 |
| s_quantity |
| 100 |
| s_quantity |
| 61 |
| d_next_o_id |
| 3001 |
| s_quantity |
| 37 |
| s_quantity |
| 79 |
| s_quantity |
| 61 |
| s_quantity |
| 71 |
| s_quantity |
| 12 |
| s_quantity |
| 83 |
| s_quantity |
| 55 |
| s_quantity |
| 28 |
| s_quantity |
| 43 |
| s_quantity |
| 38 |
| w_ytd |
| 300000.000000 |
| d_ytd |
| 30000.000000 |
| c_balance | c_ytd_payment | c_payment_cnt |
| -10.000000 | 10.000000 | 1 |
| w_ytd |
| 302632.625000 |
| d_ytd |
| 30000.000000 |
| c_balance | c_ytd_payment | c_payment_cnt |
| -10.000000 | 10.000000 | 1 |
| d_next_o_id |
| 3001 |
| s_quantity |
| 30 |
| s_quantity |
| 76 |
| s_quantity |
| 55 |
| s_quantity |
| 14 |
| s_quantity |
| 34 |
| s_quantity |
| 100 |
| s_quantity |
| 55 |
| s_quantity |
| 81 |
| s_quantity |
| 66 |
| s_quantity |
| 26 |
| s_quantity |
| 64 |
| s_quantity |
| 50 |
| s_quantity |
| 17 |
| s_quantity |
| 38 |
| no_o_id |
| 21 |
| 22 |
| 23 |
| 24 |
| 25 |
| 26 |
| 27 |
| 28 |
| 29 |
| 30 |
| no_o_id |
| 21 |
| 22 |
| 23 |
| 24 |
| 25 |
| 26 |
| 27 |
| 28 |
| 29 |
| 30 |
| 3001 |
| no_o_id |
| 21 |
| 22 |
| 23 |
| 24 |
| 25 |
| 26 |
| 27 |
| 28 |
| 29 |
| 30 |
| no_o_id |
| 21 |
| 22 |
| 23 |
| 24 |
| 25 |
| 26 |
| 27 |
| 28 |
| 29 |
| 30 |
| no_o_id |
| 21 |
| 22 |
| 23 |
| 24 |
| 25 |
| 26 |
| 27 |
| 28 |
| 29 |
| 30 |
| 3001 |
| no_o_id |
| 21 |
| 22 |
| 23 |
| 24 |
| 25 |
| 26 |
| 27 |
| 28 |
| 29 |
| 30 |
| 3001 |
| no_o_id |
| 21 |
| 22 |
| 23 |
| 24 |
| 25 |
| 26 |
| 27 |
| 28 |
| 29 |
| 30 |
| 3001 |
| no_o_id |
| 21 |
| 22 |
| 23 |
| 24 |
| 25 |
| 26 |
| 27 |
| 28 |
| 29 |
| 30 |
| no_o_id |
| 21 |
| 22 |
| 23 |
| 24 |
| 25 |
| 26 |
| 27 |
| 28 |
| 29 |
| 30 |
| no_o_id |
| 21 |
| 22 |
| 23 |
| 24 |
| 25 |
| 26 |
| 27 |
| 28 |
| 29 |
| 30 |
| 3001 |
| w_ytd |
| 303944.375000 |
| d_ytd |
| 30000.000000 |
| c_balance | c_ytd_payment | c_payment_cnt |
| -10.000000 | 10.000000 | 1 |
| d_next_o_id |
| 3002 |
| s_quantity |
| 48 |
| s_quantity |
| 28 |
| s_quantity |
| 99 |
| s_quantity |
| 71 |
| s_quantity |
| 62 |
| s_quantity |
| 64 |
| s_quantity |
| 63 |
| s_quantity |
| 29 |
| s_quantity |
| 52 |
| s_quantity |
| 54 |
| s_quantity |
| 78 |
| s_quantity |
| 71 |
| d_next_o_id |
| 3002 |
| s_quantity |
| 19 |
| s_quantity |
| 54 |
| s_quantity |
| 46 |
| s_quantity |
| 54 |
| s_quantity |
| 71 |
| w_ytd |
| 304628.781250 |
| d_ytd |
| 30000.000000 |
| c_balance | c_ytd_payment | c_payment_cnt |
| -10.000000 | 10.000000 | 1 |
| d_next_o_id |
| 3002 |
| s_quantity |
| 26 |
| s_quantity |
| 22 |
| s_quantity |
| 37 |
| s_quantity |
| 49 |
| s_quantity |
| 35 |
| d_next_o_id |
| 3003 |
| s_quantity |
| 93 |
| s_quantity |
| 27 |
| s_quantity |
| 94 |
| s_quantity |
| 36 |
| s_quantity |
| 72 |
| s_quantity |
| 83 |
| s_quantity |
| 65 |
| s_quantity |
| 23 |
| s_quantity |
| 40 |
| s_quantity |
| 34 |
| s_quantity |
| 80 |
| w_ytd |
| 309346.750000 |
| d_ytd |
| 30000.000000 |
| c_balance | c_ytd_payment | c_payment_cnt |
| -10.000000 | 10.000000 | 1 |
| w_ytd |
| 312633.156250 |
| d_ytd |
| 30684.412109 |
| c_balance | c_ytd_payment | c_payment_cnt |
| -10.000000 | 10.000000 | 1 |
| d_next_o_id |
| 3001 |
| s_quantity |
| 90 |
| s_quantity |
| 93 |
| s_quantity |
| 21 |
| s_quantity |
| 63 |
| s_quantity |
| 10 |
| s_quantity |
| 48 |
| s_quantity |
| 99 |
| s_quantity |
| 83 |
| s_quantity |
| 89 |
| s_quantity |
| 19 |
| d_next_o_id |
| 3001 |
| s_quantity |
| 50 |
| s_quantity |
| 50 |
| s_quantity |
| 15 |
| s_quantity |
| 14 |
| s_quantity |
| 66 |
| s_quantity |
| 22 |
| s_quantity |
| 43 |
| s_quantity |
| 21 |
| s_quantity |
| 80 |
| s_quantity |
| 11 |
| s_quantity |
| 39 |
| s_quantity |
| 54 |
| s_quantity |
| 18 |
| d_next_o_id |
| 3001 |
| s_quantity |
| 51 |
| s_quantity |
| 27 |
| s_quantity |
| 25 |
| s_quantity |
| 58 |
| s_quantity |
| 47 |
| s_quantity |
| 50 |
| s_quantity |
| 23 |
| s_quantity |
| 37 |
| s_quantity |
| 89 |
| s_quantity |
| 19 |
| s_quantity |
| 61 |
| s_quantity |
| 38 |
| s_quantity |
| 30 |
| s_quantity |
| 70 |
| w_ytd |
| 314737.062500 |
| d_ytd |
| 30000.000000 |
| c_balance | c_ytd_payment | c_payment_cnt |
| -10.000000 | 10.000000 | 1 |
| w_ytd |
| 314845.718750 |
| d_ytd |
| 30000.000000 |
| c_balance | c_ytd_payment | c_payment_cnt |
| -10.000000 | 10.000000 | 1 |
| w_ytd |
| 316097.312500 |
| d_ytd |
| 31311.753906 |
| c_balance | c_ytd_payment | c_payment_cnt |
| -10.000000 | 10.000000 | 1 |
| w_ytd |
| 317244.281250 |
| d_ytd |
| 30000.000000 |
| c_balance | c_ytd_payment | c_payment_cnt |
| -10.000000 | 10.000000 | 1 |
| w_ytd |
| 317460.656250 |
| d_ytd |
| 32632.617188 |
| c_balance | c_ytd_payment | c_payment_cnt |
| -10.000000 | 10.000000 | 1 |
| w_ytd |
| 321059.156250 |
| d_ytd |
| 32458.734375 |
| c_balance | c_ytd_payment | c_payment_cnt |
| -10.000000 | 10.000000 | 1 |
| d_next_o_id |
| 3002 |
| s_quantity |
| 67 |
| s_quantity |
| 79 |
| s_quantity |
| 13 |
| s_quantity |
| 66 |
| s_quantity |
| 14 |
| s_quantity |
| 82 |
| w_ytd |
| 325270.218750 |
| d_ytd |
| 32788.304688 |
| c_balance | c_ytd_payment | c_payment_cnt |
| -10.000000 | 10.000000 | 1 |
| w_ytd |
| 329555.593750 |
| d_ytd |
| 31251.583984 |
| c_balance | c_ytd_payment | c_payment_cnt |
| -10.000000 | 10.000000 | 1 |
| d_next_o_id |
| 3002 |
| s_quantity |
| 46 |
| s_quantity |
| 34 |
| s_quantity |
| 16 |
| s_quantity |
| 52 |
| s_quantity |
| 78 |
| s_quantity |
| 46 |
| s_quantity |
| 74 |
| s_quantity |
| 45 |
| s_quantity |
| 68 |
| s_quantity |
| 77 |
| s_quantity |
| 17 |
| s_quantity |
| 12 |
| s_quantity |
| 45 |
| s_quantity |
| 13 |
| w_ytd |
| 333133.937500 |
| d_ytd |
| 30216.361328 |
| c_balance | c_ytd_payment | c_payment_cnt |
| -10.000000 | 10.000000 | 1 |
| d_next_o_id |
| 3001 |
| s_quantity |
| 92 |
| 42 |
| 100 |
| 61 |
| 13 |
| 72 |
| 53 |
| 21 |
| 91 |
| 96 |
| 77 |
| 40 |
| 92 |
| 86 |
| 99 |
| 42 |
| 35 |
| 44 |
| 12 |
| 42 |
| 74 |
| 17 |
| 88 |
| 83 |
| 47 |
| 36 |
| 49 |
| 62 |
| 59 |
| 26 |
| 79 |
| 28 |
| 56 |
| 17 |
| 15 |
| 73 |
| 19 |
| 11 |
| 97 |
| 70 |
| 48 |
| 69 |
| 36 |
| 68 |
| 23 |
| 92 |
| 16 |
| 21 |
| 25 |
| 70 |
| 89 |
| 83 |
| 49 |
| 89 |
| 32 |
| 89 |
| 50 |
| 15 |
| 16 |
| 72 |
| 37 |
| 23 |
| 59 |
| 68 |
| 46 |
| 97 |
| 40 |
| 10 |
| 40 |
| 10 |
| 63 |
| 96 |
| 66 |
| 64 |
| 69 |
| 18 |
| 77 |
| 23 |
| 36 |
| 29 |
| 95 |
| 17 |
| 83 |
| 55 |
| 52 |
| 89 |
| 29 |
| 14 |
| 32 |
| 85 |
| 79 |
| 64 |
| 10 |
| 27 |
| 35 |
| 60 |
| 48 |
| 92 |
| 62 |
| 71 |
| 83 |
| 44 |
| 40 |
| 81 |
| 32 |
| 32 |
| 74 |
| 88 |
| 53 |
| 72 |
| 96 |
| 11 |
| 32 |
| 76 |
| 58 |
| 38 |
| 40 |
| 18 |
| 28 |
| 98 |
| 49 |
| 23 |
| 12 |
| 53 |
| 75 |
| 15 |
| 90 |
| 88 |
| 47 |
| 60 |
| 97 |
| 51 |
| 83 |
| 68 |
| 63 |
| 46 |
| 38 |
| 84 |
| 89 |
| 33 |
| 85 |
| 78 |
| 92 |
| 23 |
| 99 |
| 56 |
| 66 |
| 72 |
| 76 |
| 72 |
| 80 |
| 66 |
| 24 |
| 81 |
| 86 |
| 44 |
| 50 |
| 91 |
| 9 |
| 59 |
| 100 |
| 100 |
| 34 |
| 34 |
| 91 |
| 27 |
| 95 |
| 89 |
| 15 |
| 90 |
| 94 |
| 83 |
| 64 |
| 32 |
| 95 |
| 87 |
| 84 |
| 22 |
| 17 |
| 80 |
| 32 |
| 95 |
| 79 |
| 44 |
| 86 |
| 82 |
| 90 |
| 80 |
| 18 |
| 5 |
| 67 |
| 42 |
| 34 |
| 15 |
| 37 |
| 66 |
| 16 |
| 43 |
| 90 |
| 93 |
| 91 |
| 93 |
| 68 |
| 59 |
| 14 |
| 81 |
| 29 |
| 51 |
| 67 |
| 77 |
| 14 |
| 96 |
| 77 |
| 22 |
| 43 |
| 16 |
| 29 |
| 97 |
| 71 |
| 77 |
| 92 |
| 41 |
| 76 |
| 69 |
| 73 |
| 71 |
| 10 |
| 49 |
| 81 |
| 68 |
| 66 |
| 38 |
| 21 |
| 37 |
| 56 |
| 40 |
| 86 |
| 42 |
| 85 |
| 85 |
| 83 |
| 82 |
| 39 |
| 73 |
| 13 |
| 25 |
| 54 |
| 62 |
| 95 |
| 40 |
| 78 |
| 24 |
| 13 |
| 82 |
| 41 |
| 43 |
| 98 |
| 88 |
| 70 |
| 32 |
| 90 |
| 65 |
| 18 |
| 63 |
| 44 |
| 66 |
| 47 |
| 85 |
| 76 |
| 13 |
| 86 |
| 64 |
| 39 |
| 32 |
| 61 |
| 22 |
| 28 |
| 57 |
| 22 |
| 13 |
| 42 |
| 75 |
| 36 |
| 69 |
| 33 |
| 11 |
| 98 |
| 66 |
| 92 |
| 64 |
| 31 |
| 78 |
| 34 |
| 50 |
| 76 |
| 46 |
| 15 |
| 75 |
| 57 |
| 71 |
| 38 |
| 10 |
| 81 |
| 53 |
| 82 |
| 65 |
| 59 |
| 91 |
| 49 |
| 45 |
| 98 |
| 88 |
| 100 |
| 78 |
| 21 |
| 60 |
| 54 |
| 18 |
| 66 |
| 29 |
| 58 |
| 78 |
| 36 |
| 38 |
| 39 |
| 37 |
| 61 |
| 27 |
| 84 |
| 73 |
| 18 |
| 69 |
| 35 |
| 21 |
| 47 |
| 60 |
| 49 |
| 10 |
| 86 |
| 75 |
| 76 |
| 70 |
| 37 |
| 53 |
| 17 |
| 19 |
| 45 |
| 58 |
| 91 |
| 16 |
| 34 |
| 41 |
| 93 |
| 75 |
| 63 |
| 37 |
| 31 |
| 61 |
| 47 |
| 18 |
| 29 |
| 24 |
| 11 |
| 83 |
| 69 |
| 38 |
| 10 |
| 29 |
| 54 |
| 27 |
| 26 |
| 100 |
| 29 |
| 91 |
| 33 |
| 54 |
| 95 |
| 93 |
| 52 |
| 41 |
| 68 |
| 88 |
| 47 |
| 91 |
| 79 |
| 37 |
| 44 |
| 75 |
| 71 |
| 44 |
| 65 |
| 21 |
| 62 |
| 31 |
| 77 |
| 90 |
| 35 |
| 61 |
| 18 |
| 67 |
| 99 |
| 37 |
| 33 |
| 99 |
| 39 |
| 28 |
| 94 |
| 41 |
| 64 |
| 71 |
| 82 |
| 75 |
| 52 |
| 61 |
| 77 |
| 40 |
| 78 |
| 77 |
| 42 |
| 34 |
| 71 |
| 88 |
| 52 |
| 92 |
| 67 |
| 46 |
| 26 |
| 86 |
| 71 |
| 10 |
| 16 |
| 89 |
| 8 |
| 71 |
| 89 |
| 74 |
| 27 |
| 45 |
| 52 |
| 83 |
| 91 |
| 43 |
| 78 |
| 56 |
| 15 |
| 58 |
| 79 |
| 21 |
| 81 |
| 59 |
| 75 |
| 35 |
| 64 |
| 97 |
| 15 |
| 68 |
| 83 |
| 69 |
| 31 |
| 20 |
| 16 |
| 95 |
| 49 |
| 87 |
| 66 |
| 89 |
| 96 |
| 72 |
| 8 |
| 19 |
| 62 |
| 95 |
| 41 |
| 97 |
| 12 |
| 84 |
| 98 |
| 75 |
| 79 |
| 12 |
| 57 |
| 25 |
| 19 |
| 88 |
| 45 |
| 50 |
| 70 |
| 98 |
| 10 |
| 57 |
| 59 |
| 88 |
| 34 |
| 27 |
| 74 |
| 23 |
| 46 |
| 82 |
| 20 |
| 97 |
| 62 |
| 80 |
| 32 |
| 67 |
| 100 |
| 61 |
| 34 |
| 76 |
| 85 |
| 81 |
| 68 |
| 72 |
| 61 |
| 63 |
| 92 |
| 60 |
| 75 |
| 51 |
| 57 |
| 33 |
| 20 |
| 36 |
| 52 |
| 82 |
| 66 |
| 90 |
| 39 |
| 33 |
| 27 |
| 41 |
| 17 |
| 82 |
| 28 |
| 56 |
| 13 |
| 86 |
| 31 |
| 16 |
| 48 |
| 51 |
| 88 |
| 74 |
| 14 |
| 42 |
| 30 |
| 21 |
| 91 |
| 57 |
| 61 |
| 20 |
| 98 |
| 64 |
| 14 |
| 92 |
| 6 |
| 89 |
| 28 |
| 36 |
| 93 |
| 61 |
| 38 |
| 72 |
| 33 |
| 30 |
| 88 |
| 58 |
| 44 |
| 86 |
| 56 |
| 86 |
| 57 |
| 97 |
| 91 |
| 20 |
| 12 |
| 15 |
| 40 |
| 59 |
| 57 |
| 80 |
| 55 |
| 65 |
| 50 |
| 25 |
| 98 |
| 31 |
| 48 |
| 87 |
| 12 |
| 92 |
| 17 |
| 88 |
| 48 |
| 72 |
| 46 |
| 81 |
| 27 |
| 90 |
| 49 |
| 29 |
| 83 |
| 21 |
| 83 |
| 82 |
| 45 |
| 88 |
| 32 |
| 28 |
| 74 |
| 79 |
| 16 |
| 30 |
| 29 |
| 83 |
| 55 |
| 36 |
| 52 |
| 10 |
| 57 |
| 96 |
| 45 |
| 28 |
| 83 |
| 13 |
| 53 |
| 82 |
| 86 |
| 21 |
| 73 |
| 72 |
| 98 |
| 11 |
| 52 |
| 61 |
| 97 |
| 47 |
| 32 |
| 45 |
| 50 |
| 65 |
| 79 |
| 57 |
| 82 |
| 91 |
| 41 |
| 55 |
| 37 |
| 77 |
| 13 |
| 54 |
| 22 |
| 11 |
| 41 |
| 81 |
| 48 |
| 63 |
| 50 |
| 10 |
| 51 |
| 62 |
| 52 |
| 45 |
| 81 |
| 89 |
| 72 |
| 31 |
| 49 |
| 99 |
| 35 |
| 90 |
| 13 |
| 12 |
| 69 |
| 46 |
| 44 |
| 18 |
| 18 |
| 42 |
| 22 |
| 49 |
| 70 |
| 80 |
| 65 |
| 46 |
| 31 |
| 91 |
| 34 |
| 79 |
| 34 |
| 60 |
| 73 |
| 52 |
| 56 |
| 12 |
| 83 |
| 98 |
| 55 |
| 63 |
| 33 |
| 17 |
| 76 |
| 78 |
| 13 |
| 93 |
| 36 |
| 77 |
| 96 |
| 14 |
| 10 |
| 95 |
| 41 |
| 65 |
| 78 |
| 78 |
| 42 |
| 72 |
| 96 |
| 37 |
| 13 |
| 48 |
| 77 |
| 14 |
| 50 |
| 85 |
| 23 |
| 23 |
| 46 |
| 90 |
| 21 |
| 46 |
| 23 |
| 20 |
| 24 |
| 62 |
| 23 |
| 79 |
| 84 |
| 31 |
| 62 |
| 88 |
| 67 |
| 83 |
| 36 |
| 68 |
| 23 |
| 42 |
| 36 |
| 52 |
| 56 |
| 43 |
| 12 |
| 54 |
| 38 |
| 64 |
| 99 |
| 80 |
| 28 |
| 100 |
| 21 |
| 78 |
| 61 |
| 87 |
| 30 |
| 53 |
| 25 |
| 80 |
| 86 |
| 38 |
| 16 |
| 16 |
| 93 |
| 56 |
| 35 |
| 40 |
| 34 |
| 24 |
| 18 |
| 88 |
| 92 |
| 77 |
| 12 |
| 48 |
| 61 |
| 63 |
| 7 |
| 79 |
| 87 |
| 41 |
| 32 |
| 41 |
| 15 |
| 24 |
| 73 |
| 55 |
| 44 |
| 79 |
| 55 |
| 89 |
| 80 |
| 55 |
| 71 |
| 11 |
| 20 |
| 12 |
| 57 |
| 91 |
| 75 |
| 82 |
| 91 |
| 22 |
| 47 |
| 32 |
| 80 |
| 36 |
| 23 |
| 55 |
| 82 |
| 20 |
| 44 |
| 49 |
| 90 |
| 63 |
| 22 |
| 14 |
| 85 |
| 47 |
| 99 |
| 19 |
| 86 |
| 32 |
| 40 |
| 17 |
| 11 |
| 38 |
| 38 |
| 58 |
| 58 |
| 57 |
| 52 |
| 23 |
| 13 |
| 96 |
| 9 |
| 34 |
| 41 |
| 59 |
| 82 |
| 10 |
| 63 |
| 43 |
| 91 |
| 82 |
| 65 |
| 49 |
| 91 |
| 43 |
| 51 |
| 63 |
| 49 |
| 17 |
| 66 |
| 32 |
| 24 |
| 87 |
| 16 |
| 56 |
| 80 |
| 34 |
| 87 |
| 55 |
| 25 |
| 42 |
| 94 |
| 45 |
| 10 |
| 74 |
| 76 |
| 68 |
| 7 |
| 28 |
| 51 |
| 47 |
| 15 |
| 87 |
| 44 |
| 57 |
| 75 |
| 21 |
| 67 |
| 71 |
| 81 |
| 21 |
| 82 |
| 84 |
| 81 |
| 54 |
| 68 |
| 51 |
| 12 |
| 41 |
| 55 |
| 45 |
| 78 |
| 79 |
| 95 |
| 25 |
| 18 |
| 77 |
| 32 |
| 22 |
| 19 |
| 35 |
| 44 |
| 98 |
| 10 |
| 67 |
| 69 |
| 80 |
| 24 |
| 40 |
| 10 |
| 25 |
| 50 |
| 51 |
| 28 |
| 24 |
| 81 |
| 24 |
| 52 |
| 87 |
| 83 |
| 95 |
| 70 |
| 38 |
| 64 |
| 17 |
| 11 |
| 47 |
| 100 |
| 27 |
| 55 |
| 93 |
| 59 |
| 43 |
| 40 |
| 97 |
| 94 |
| 46 |
| 70 |
| 35 |
| 39 |
| 31 |
| 28 |
| 49 |
| 50 |
| 31 |
| 53 |
| 54 |
| 99 |
| 55 |
| 48 |
| 60 |
| 52 |
| 80 |
| 62 |
| 77 |
| 16 |
| 9 |
| 41 |
| 66 |
| 14 |
| 94 |
| 88 |
| 67 |
| 78 |
| 65 |
| 92 |
| 12 |
| 75 |
| 43 |
| 16 |
| 71 |
| 42 |
| 86 |
| 26 |
| 24 |
| 78 |
| 97 |
| 26 |
| 67 |
| 43 |
| 44 |
| 38 |
| 44 |
| 21 |
| 62 |
| 89 |
| 21 |
| 7 |
| 18 |
| d_next_o_id |
| 3003 |
| s_quantity |
| 70 |
| s_quantity |
| 66 |
| s_quantity |
| 48 |
| s_quantity |
| 38 |
| s_quantity |
| 64 |
| s_quantity |
| 72 |
| w_ytd |
| 336073.968750 |
| d_ytd |
| 34717.984375 |
| c_balance | c_ytd_payment | c_payment_cnt |
| -10.000000 | 10.000000 | 1 |
| d_next_o_id |
| 3002 |
| s_quantity |
| 92 |
| 42 |
| 100 |
| 61 |
| 13 |
| 72 |
| 53 |
| 21 |
| 91 |
| 96 |
| 77 |
| 40 |
| 92 |
| 86 |
| 99 |
| 42 |
| 35 |
| 44 |
| 12 |
| 42 |
| 74 |
| 17 |
| 88 |
| 83 |
| 47 |
| 36 |
| 49 |
| 62 |
| 59 |
| 26 |
| 79 |
| 28 |
| 56 |
| 17 |
| 15 |
| 73 |
| 19 |
| 11 |
| 97 |
| 70 |
| 48 |
| 69 |
| 36 |
| 68 |
| 23 |
| 92 |
| 16 |
| 21 |
| 25 |
| 70 |
| 89 |
| 83 |
| 49 |
| 89 |
| 32 |
| 89 |
| 50 |
| 15 |
| 16 |
| 72 |
| 37 |
| 23 |
| 59 |
| 68 |
| 46 |
| 97 |
| 40 |
| 10 |
| 40 |
| 10 |
| 63 |
| 96 |
| 66 |
| 64 |
| 69 |
| 18 |
| 77 |
| 23 |
| 36 |
| 29 |
| 95 |
| 17 |
| 83 |
| 55 |
| 52 |
| 89 |
| 29 |
| 14 |
| 32 |
| 85 |
| 79 |
| 64 |
| 10 |
| 27 |
| 35 |
| 60 |
| 48 |
| 92 |
| 62 |
| 71 |
| 83 |
| 44 |
| 40 |
| 81 |
| 32 |
| 32 |
| 74 |
| 88 |
| 53 |
| 72 |
| 96 |
| 11 |
| 32 |
| 76 |
| 58 |
| 38 |
| 40 |
| 18 |
| 28 |
| 98 |
| 49 |
| 23 |
| 12 |
| 53 |
| 75 |
| 15 |
| 90 |
| 88 |
| 47 |
| 60 |
| 97 |
| 51 |
| 83 |
| 68 |
| 63 |
| 46 |
| 38 |
| 84 |
| 89 |
| 33 |
| 85 |
| 78 |
| 92 |
| 23 |
| 99 |
| 56 |
| 66 |
| 72 |
| 76 |
| 72 |
| 80 |
| 61 |
| 24 |
| 81 |
| 86 |
| 44 |
| 50 |
| 91 |
| 9 |
| 59 |
| 100 |
| 100 |
| 34 |
| 34 |
| 91 |
| 27 |
| 95 |
| 89 |
| 15 |
| 90 |
| 94 |
| 83 |
| 64 |
| 32 |
| 95 |
| 87 |
| 84 |
| 22 |
| 17 |
| 80 |
| 32 |
| 95 |
| 79 |
| 44 |
| 86 |
| 82 |
| 90 |
| 80 |
| 18 |
| 5 |
| 67 |
| 42 |
| 34 |
| 15 |
| 37 |
| 66 |
| 16 |
| 43 |
| 90 |
| 93 |
| 91 |
| 93 |
| 68 |
| 59 |
| 14 |
| 81 |
| 29 |
| 51 |
| 67 |
| 77 |
| 14 |
| 96 |
| 77 |
| 22 |
| 43 |
| 16 |
| 29 |
| 97 |
| 71 |
| 77 |
| 92 |
| 41 |
| 76 |
| 69 |
| 73 |
| 71 |
| 10 |
| 49 |
| 81 |
| 68 |
| 66 |
| 38 |
| 21 |
| 37 |
| 56 |
| 40 |
| 86 |
| 42 |
| 85 |
| 85 |
| 83 |
| 82 |
| 39 |
| 73 |
| 13 |
| 25 |
| 54 |
| 62 |
| 95 |
| 40 |
| 78 |
| 24 |
| 13 |
| 82 |
| 41 |
| 43 |
| 98 |
| 88 |
| 70 |
| 32 |
| 90 |
| 65 |
| 18 |
| 63 |
| 44 |
| 66 |
| 47 |
| 85 |
| 76 |
| 13 |
| 86 |
| 64 |
| 39 |
| 32 |
| 61 |
| 22 |
| 28 |
| 57 |
| 22 |
| 13 |
| 42 |
| 75 |
| 36 |
| 69 |
| 33 |
| 11 |
| 98 |
| 66 |
| 92 |
| 64 |
| 31 |
| 78 |
| 34 |
| 50 |
| 76 |
| 46 |
| 15 |
| 75 |
| 57 |
| 71 |
| 38 |
| 10 |
| 81 |
| 53 |
| 82 |
| 65 |
| 59 |
| 91 |
| 49 |
| 45 |
| 98 |
| 88 |
| 100 |
| 78 |
| 21 |
| 60 |
| 54 |
| 18 |
| 66 |
| 29 |
| 58 |
| 78 |
| 36 |
| 33 |
| 39 |
| 37 |
| 61 |
| 27 |
| 84 |
| 73 |
| 18 |
| 69 |
| 35 |
| 21 |
| 47 |
| 60 |
| 49 |
| 10 |
| 86 |
| 75 |
| 76 |
| 70 |
| 37 |
| 53 |
| 17 |
| 19 |
| 45 |
| 58 |
| 91 |
| 16 |
| 34 |
| 41 |
| 93 |
| 75 |
| 63 |
| 37 |
| 31 |
| 61 |
| 47 |
| 18 |
| 29 |
| 24 |
| 11 |
| 83 |
| 69 |
| 38 |
| 10 |
| 29 |
| 54 |
| 27 |
| 26 |
| 100 |
| 29 |
| 91 |
| 33 |
| 54 |
| 95 |
| 93 |
| 52 |
| 41 |
| 68 |
| 88 |
| 47 |
| 91 |
| 79 |
| 37 |
| 44 |
| 75 |
| 71 |
| 44 |
| 65 |
| 21 |
| 62 |
| 31 |
| 77 |
| 90 |
| 35 |
| 61 |
| 18 |
| 67 |
| 99 |
| 37 |
| 33 |
| 99 |
| 39 |
| 28 |
| 94 |
| 41 |
| 59 |
| 71 |
| 82 |
| 75 |
| 52 |
| 61 |
| 77 |
| 40 |
| 78 |
| 77 |
| 42 |
| 34 |
| 71 |
| 88 |
| 52 |
| 92 |
| 67 |
| 46 |
| 26 |
| 86 |
| 71 |
| 10 |
| 16 |
| 89 |
| 8 |
| 71 |
| 89 |
| 74 |
| 27 |
| 45 |
| 52 |
| 83 |
| 91 |
| 43 |
| 78 |
| 56 |
| 15 |
| 58 |
| 79 |
| 21 |
| 81 |
| 59 |
| 75 |
| 35 |
| 64 |
| 97 |
| 15 |
| 68 |
| 83 |
| 69 |
| 31 |
| 20 |
| 16 |
| 95 |
| 49 |
| 87 |
| 66 |
| 89 |
| 96 |
| 72 |
| 8 |
| 19 |
| 62 |
| 95 |
| 41 |
| 97 |
| 12 |
| 84 |
| 98 |
| 75 |
| 79 |
| 12 |
| 57 |
| 25 |
| 19 |
| 88 |
| 45 |
| 50 |
| 70 |
| 98 |
| 10 |
| 57 |
| 59 |
| 88 |
| 34 |
| 27 |
| 74 |
| 23 |
| 46 |
| 82 |
| 20 |
| 97 |
| 62 |
| 80 |
| 32 |
| 67 |
| 100 |
| 61 |
| 34 |
| 76 |
| 85 |
| 81 |
| 68 |
| 72 |
| 61 |
| 63 |
| 92 |
| 60 |
| 75 |
| 51 |
| 57 |
| 33 |
| 20 |
| 36 |
| 52 |
| 82 |
| 66 |
| 90 |
| 39 |
| 33 |
| 27 |
| 41 |
| 17 |
| 82 |
| 28 |
| 56 |
| 13 |
| 86 |
| 31 |
| 16 |
| 48 |
| 51 |
| 88 |
| 74 |
| 14 |
| 42 |
| 30 |
| 21 |
| 91 |
| 57 |
| 61 |
| 20 |
| 98 |
| 64 |
| 14 |
| 92 |
| 6 |
| 89 |
| 28 |
| 36 |
| 93 |
| 61 |
| 38 |
| 72 |
| 33 |
| 30 |
| 88 |
| 58 |
| 44 |
| 86 |
| 56 |
| 86 |
| 57 |
| 97 |
| 91 |
| 20 |
| 12 |
| 15 |
| 40 |
| 59 |
| 57 |
| 80 |
| 55 |
| 65 |
| 50 |
| 25 |
| 98 |
| 31 |
| 48 |
| 87 |
| 12 |
| 92 |
| 17 |
| 88 |
| 48 |
| 72 |
| 46 |
| 81 |
| 27 |
| 90 |
| 49 |
| 29 |
| 83 |
| 21 |
| 83 |
| 82 |
| 45 |
| 88 |
| 32 |
| 28 |
| 74 |
| 79 |
| 16 |
| 30 |
| 29 |
| 83 |
| 55 |
| 36 |
| 52 |
| 10 |
| 57 |
| 96 |
| 45 |
| 28 |
| 83 |
| 13 |
| 53 |
| 82 |
| 86 |
| 21 |
| 73 |
| 67 |
| 98 |
| 11 |
| 52 |
| 61 |
| 97 |
| 47 |
| 32 |
| 45 |
| 50 |
| 65 |
| 79 |
| 57 |
| 82 |
| 91 |
| 41 |
| 55 |
| 37 |
| 77 |
| 13 |
| 54 |
| 22 |
| 11 |
| 41 |
| 81 |
| 48 |
| 63 |
| 50 |
| 10 |
| 51 |
| 62 |
| 52 |
| 45 |
| 81 |
| 89 |
| 72 |
| 31 |
| 49 |
| 99 |
| 35 |
| 90 |
| 13 |
| 12 |
| 69 |
| 46 |
| 44 |
| 18 |
| 18 |
| 42 |
| 22 |
| 49 |
| 70 |
| 80 |
| 65 |
| 46 |
| 31 |
| 91 |
| 34 |
| 79 |
| 34 |
| 60 |
| 73 |
| 52 |
| 56 |
| 12 |
| 83 |
| 98 |
| 55 |
| 63 |
| 33 |
| 17 |
| 76 |
| 78 |
| 13 |
| 93 |
| 36 |
| 77 |
| 96 |
| 14 |
| 10 |
| 95 |
| 41 |
| 65 |
| 78 |
| 78 |
| 42 |
| 72 |
| 96 |
| 37 |
| 13 |
| 43 |
| 77 |
| 14 |
| 50 |
| 85 |
| 23 |
| 23 |
| 46 |
| 90 |
| 21 |
| 46 |
| 23 |
| 20 |
| 24 |
| 62 |
| 23 |
| 79 |
| 84 |
| 31 |
| 62 |
| 88 |
| 67 |
| 83 |
| 36 |
| 68 |
| 23 |
| 42 |
| 36 |
| 52 |
| 56 |
| 43 |
| 12 |
| 54 |
| 38 |
| 64 |
| 99 |
| 80 |
| 28 |
| 100 |
| 21 |
| 78 |
| 61 |
| 87 |
| 30 |
| 53 |
| 25 |
| 80 |
| 86 |
| 38 |
| 16 |
| 16 |
| 93 |
| 56 |
| 35 |
| 40 |
| 34 |
| 24 |
| 18 |
| 88 |
| 92 |
| 77 |
| 12 |
| 48 |
| 61 |
| 63 |
| 7 |
| 79 |
| 87 |
| 41 |
| 32 |
| 41 |
| 15 |
| 24 |
| 73 |
| 55 |
| 44 |
| 79 |
| 55 |
| 89 |
| 80 |
| 55 |
| 71 |
| 11 |
| 20 |
| 12 |
| 57 |
| 91 |
| 75 |
| 82 |
| 91 |
| 22 |
| 47 |
| 32 |
| 80 |
| 36 |
| 23 |
| 55 |
| 82 |
| 20 |
| 44 |
| 49 |
| 90 |
| 63 |
| 22 |
| 14 |
| 85 |
| 47 |
| 99 |
| 19 |
| 86 |
| 32 |
| 40 |
| 17 |
| 11 |
| 38 |
| 38 |
| 58 |
| 58 |
| 57 |
| 52 |
| 23 |
| 13 |
| 96 |
| 9 |
| 34 |
| 41 |
| 59 |
| 82 |
| 10 |
| 63 |
| 43 |
| 91 |
| 82 |
| 65 |
| 49 |
| 91 |
| 43 |
| 51 |
| 63 |
| 49 |
| 17 |
| 66 |
| 32 |
| 24 |
| 87 |
| 16 |
| 56 |
| 80 |
| 34 |
| 87 |
| 55 |
| 25 |
| 42 |
| 94 |
| 45 |
| 10 |
| 74 |
| 76 |
| 68 |
| 7 |
| 28 |
| 51 |
| 47 |
| 15 |
| 87 |
| 44 |
| 57 |
| 75 |
| 21 |
| 67 |
| 71 |
| 81 |
| 21 |
| 82 |
| 84 |
| 81 |
| 54 |
| 68 |
| 51 |
| 12 |
| 41 |
| 55 |
| 45 |
| 78 |
| 79 |
| 95 |
| 25 |
| 18 |
| 77 |
| 32 |
| 22 |
| 19 |
| 35 |
| 44 |
| 98 |
| 10 |
| 67 |
| 69 |
| 80 |
| 24 |
| 40 |
| 10 |
| 25 |
| 50 |
| 51 |
| 28 |
| 24 |
| 81 |
| 24 |
| 52 |
| 87 |
| 83 |
| 95 |
| 65 |
| 38 |
| 64 |
| 17 |
| 11 |
| 47 |
| 100 |
| 27 |
| 55 |
| 93 |
| 59 |
| 43 |
| 40 |
| 97 |
| 94 |
| 46 |
| 70 |
| 35 |
| 39 |
| 31 |
| 28 |
| 49 |
| 50 |
| 31 |
| 53 |
| 54 |
| 99 |
| 55 |
| 48 |
| 60 |
| 52 |
| 80 |
| 62 |
| 77 |
| 16 |
| 9 |
| 41 |
| 66 |
| 14 |
| 94 |
| 88 |
| 67 |
| 78 |
| 65 |
| 92 |
| 12 |
| 75 |
| 43 |
| 16 |
| 71 |
| 42 |
| 86 |
| 26 |
| 24 |
| 78 |
| 97 |
| 26 |
| 67 |
| 43 |
| 44 |
| 38 |
| 44 |
| 21 |
| 62 |
| 89 |
| 21 |
| 7 |
| 18 |
| w_ytd |
| 337618.375000 |
| d_ytd |
| 30108.654297 |
| c_balance | c_ytd_payment | c_payment_cnt |
| -10.000000 | 10.000000 | 1 |
| w_ytd |
| 341122.187500 |
| d_ytd |
| 33156.398438 |
| c_balance | c_ytd_payment | c_payment_cnt |
| -10.000000 | 10.000000 | 1 |
| d_next_o_id |
| 3001 |
| s_quantity |
| 48 |
| s_quantity |
| 75 |
| s_quantity |
| 18 |
| s_quantity |
| 81 |
| s_quantity |
| 79 |
| s_quantity |
| 91 |
| s_quantity |
| 43 |
| s_quantity |
| 31 |
| s_quantity |
| 13 |
| s_quantity |
| 52 |
| s_quantity |
| 81 |
| d_next_o_id |
| 3004 |
| s_quantity |
| 72 |
| s_quantity |
| 27 |
| s_quantity |
| 47 |
| s_quantity |
| 10 |
| s_quantity |
| 17 |
| s_quantity |
| 34 |
| s_quantity |
| 36 |
| s_quantity |
| 46 |
| w_ytd |
| 342788.312500 |
| d_ytd |
| 30000.000000 |
| c_balance | c_ytd_payment | c_payment_cnt |
| -10.000000 | 10.000000 | 1 |
| d_next_o_id |
| 3003 |
| s_quantity |
| 57 |
| s_quantity |
| 15 |
| s_quantity |
| 78 |
| s_quantity |
| 5 |
| s_quantity |
| 57 |
| s_quantity |
| 51 |
| s_quantity |
| 21 |
| s_quantity |
| 28 |
| s_quantity |
| 62 |
| s_quantity |
| 75 |
| s_quantity |
| 98 |
| s_quantity |
| 63 |
| s_quantity |
| 36 |
| s_quantity |
| 83 |
| s_quantity |
| 32 |
| d_next_o_id |
| 3004 |
| s_quantity |
| 52 |
| s_quantity |
| 66 |
| s_quantity |
| 79 |
| s_quantity |
| 39 |
| s_quantity |
| 86 |
| s_quantity |
| 61 |
| s_quantity |
| 79 |
| s_quantity |
| 90 |
| s_quantity |
| 94 |
| s_quantity |
| 77 |
| s_quantity |
| 49 |
| s_quantity |
| 82 |
| s_quantity |
| 92 |
| s_quantity |
| 66 |
| s_quantity |
| 74 |
| d_next_o_id |
| 3002 |
| s_quantity |
| 92 |
| 42 |
| 100 |
| 61 |
| 13 |
| 72 |
| 53 |
| 21 |
| 91 |
| 96 |
| 77 |
| 40 |
| 87 |
| 86 |
| 99 |
| 42 |
| 35 |
| 44 |
| 12 |
| 42 |
| 74 |
| 17 |
| 88 |
| 83 |
| 47 |
| 36 |
| 49 |
| 62 |
| 59 |
| 26 |
| 79 |
| 28 |
| 56 |
| 17 |
| 15 |
| 73 |
| 19 |
| 11 |
| 97 |
| 70 |
| 48 |
| 69 |
| 36 |
| 68 |
| 23 |
| 92 |
| 16 |
| 21 |
| 25 |
| 70 |
| 89 |
| 83 |
| 49 |
| 89 |
| 32 |
| 89 |
| 50 |
| 15 |
| 16 |
| 72 |
| 37 |
| 23 |
| 59 |
| 68 |
| 46 |
| 97 |
| 40 |
| 10 |
| 40 |
| 10 |
| 63 |
| 96 |
| 66 |
| 64 |
| 69 |
| 18 |
| 77 |
| 23 |
| 31 |
| 29 |
| 95 |
| 12 |
| 83 |
| 55 |
| 52 |
| 89 |
| 29 |
| 14 |
| 32 |
| 85 |
| 79 |
| 64 |
| 10 |
| 27 |
| 35 |
| 60 |
| 43 |
| 92 |
| 62 |
| 71 |
| 83 |
| 44 |
| 40 |
| 81 |
| 32 |
| 32 |
| 74 |
| 88 |
| 53 |
| 72 |
| 96 |
| 11 |
| 27 |
| 76 |
| 58 |
| 38 |
| 40 |
| 18 |
| 23 |
| 98 |
| 49 |
| 23 |
| 12 |
| 53 |
| 75 |
| 15 |
| 90 |
| 88 |
| 47 |
| 60 |
| 97 |
| 51 |
| 83 |
| 68 |
| 63 |
| 46 |
| 38 |
| 84 |
| 89 |
| 33 |
| 85 |
| 78 |
| 92 |
| 23 |
| 99 |
| 56 |
| 66 |
| 72 |
| 76 |
| 72 |
| 80 |
| 56 |
| 24 |
| 76 |
| 81 |
| 44 |
| 50 |
| 91 |
| 9 |
| 59 |
| 100 |
| 100 |
| 34 |
| 34 |
| 91 |
| 27 |
| 95 |
| 89 |
| 15 |
| 90 |
| 94 |
| 83 |
| 64 |
| 32 |
| 95 |
| 87 |
| 84 |
| 22 |
| 17 |
| 80 |
| 32 |
| 95 |
| 79 |
| 44 |
| 86 |
| 82 |
| 90 |
| 80 |
| 18 |
| 5 |
| 67 |
| 42 |
| 34 |
| 15 |
| 37 |
| 66 |
| 16 |
| 43 |
| 90 |
| 93 |
| 91 |
| 93 |
| 68 |
| 59 |
| 14 |
| 81 |
| 29 |
| 46 |
| 67 |
| 77 |
| 14 |
| 96 |
| 77 |
| 22 |
| 43 |
| 16 |
| 29 |
| 97 |
| 71 |
| 77 |
| 92 |
| 41 |
| 76 |
| 69 |
| 73 |
| 71 |
| 10 |
| 49 |
| 81 |
| 68 |
| 61 |
| 38 |
| 21 |
| 37 |
| 56 |
| 40 |
| 86 |
| 42 |
| 85 |
| 85 |
| 83 |
| 82 |
| 34 |
| 73 |
| 13 |
| 25 |
| 54 |
| 62 |
| 95 |
| 40 |
| 78 |
| 24 |
| 13 |
| 82 |
| 41 |
| 43 |
| 98 |
| 88 |
| 70 |
| 32 |
| 90 |
| 65 |
| 18 |
| 63 |
| 44 |
| 66 |
| 47 |
| 85 |
| 76 |
| 13 |
| 86 |
| 64 |
| 39 |
| 32 |
| 61 |
| 22 |
| 28 |
| 57 |
| 22 |
| 13 |
| 42 |
| 75 |
| 36 |
| 69 |
| 33 |
| 11 |
| 98 |
| 66 |
| 92 |
| 64 |
| 31 |
| 73 |
| 34 |
| 50 |
| 76 |
| 46 |
| 15 |
| 75 |
| 52 |
| 71 |
| 38 |
| 10 |
| 81 |
| 53 |
| 82 |
| 65 |
| 59 |
| 91 |
| 49 |
| 45 |
| 98 |
| 88 |
| 100 |
| 78 |
| 21 |
| 60 |
| 54 |
| 18 |
| 66 |
| 29 |
| 58 |
| 78 |
| 36 |
| 33 |
| 39 |
| 37 |
| 61 |
| 27 |
| 84 |
| 73 |
| 13 |
| 69 |
| 35 |
| 21 |
| 47 |
| 60 |
| 49 |
| 10 |
| 86 |
| 75 |
| 76 |
| 70 |
| 37 |
| 53 |
| 17 |
| 19 |
| 45 |
| 58 |
| 91 |
| 16 |
| 34 |
| 41 |
| 93 |
| 75 |
| 63 |
| 37 |
| 26 |
| 61 |
| 42 |
| 18 |
| 29 |
| 24 |
| 11 |
| 83 |
| 69 |
| 38 |
| 10 |
| 29 |
| 54 |
| 27 |
| 26 |
| 100 |
| 29 |
| 91 |
| 33 |
| 54 |
| 95 |
| 93 |
| 52 |
| 41 |
| 68 |
| 88 |
| 47 |
| 91 |
| 79 |
| 37 |
| 44 |
| 70 |
| 71 |
| 44 |
| 65 |
| 21 |
| 62 |
| 31 |
| 77 |
| 90 |
| 35 |
| 61 |
| 18 |
| 67 |
| 99 |
| 37 |
| 33 |
| 99 |
| 39 |
| 28 |
| 94 |
| 41 |
| 59 |
| 71 |
| 82 |
| 75 |
| 52 |
| 61 |
| 77 |
| 40 |
| 78 |
| 77 |
| 42 |
| 34 |
| 71 |
| 88 |
| 52 |
| 92 |
| 67 |
| 46 |
| 26 |
| 86 |
| 71 |
| 10 |
| 16 |
| 89 |
| 8 |
| 71 |
| 89 |
| 74 |
| 22 |
| 45 |
| 47 |
| 78 |
| 91 |
| 43 |
| 78 |
| 56 |
| 15 |
| 58 |
| 79 |
| 21 |
| 81 |
| 59 |
| 75 |
| 35 |
| 64 |
| 97 |
| 10 |
| 68 |
| 83 |
| 69 |
| 31 |
| 20 |
| 16 |
| 95 |
| 49 |
| 87 |
| 61 |
| 89 |
| 96 |
| 72 |
| 8 |
| 19 |
| 62 |
| 95 |
| 41 |
| 97 |
| 12 |
| 84 |
| 98 |
| 75 |
| 79 |
| 12 |
| 57 |
| 25 |
| 19 |
| 88 |
| 45 |
| 50 |
| 70 |
| 98 |
| 10 |
| 57 |
| 59 |
| 88 |
| 34 |
| 27 |
| 74 |
| 23 |
| 46 |
| 82 |
| 20 |
| 97 |
| 62 |
| 80 |
| 32 |
| 67 |
| 100 |
| 61 |
| 34 |
| 76 |
| 85 |
| 81 |
| 68 |
| 72 |
| 61 |
| 63 |
| 92 |
| 60 |
| 75 |
| 51 |
| 57 |
| 33 |
| 20 |
| 31 |
| 47 |
| 82 |
| 66 |
| 90 |
| 39 |
| 33 |
| 27 |
| 41 |
| 17 |
| 82 |
| 28 |
| 56 |
| 13 |
| 86 |
| 31 |
| 16 |
| 48 |
| 51 |
| 88 |
| 74 |
| 14 |
| 42 |
| 30 |
| 21 |
| 91 |
| 57 |
| 61 |
| 20 |
| 98 |
| 64 |
| 14 |
| 92 |
| 6 |
| 89 |
| 28 |
| 36 |
| 93 |
| 61 |
| 38 |
| 72 |
| 33 |
| 30 |
| 88 |
| 58 |
| 44 |
| 86 |
| 56 |
| 86 |
| 57 |
| 97 |
| 86 |
| 20 |
| 12 |
| 15 |
| 40 |
| 59 |
| 57 |
| 80 |
| 55 |
| 65 |
| 50 |
| 25 |
| 98 |
| 31 |
| 48 |
| 87 |
| 12 |
| 92 |
| 17 |
| 88 |
| 48 |
| 72 |
| 46 |
| 81 |
| 27 |
| 85 |
| 49 |
| 29 |
| 83 |
| 21 |
| 83 |
| 82 |
| 45 |
| 88 |
| 32 |
| 28 |
| 74 |
| 74 |
| 16 |
| 30 |
| 29 |
| 83 |
| 55 |
| 36 |
| 52 |
| 10 |
| 57 |
| 96 |
| 45 |
| 28 |
| 83 |
| 13 |
| 53 |
| 82 |
| 86 |
| 21 |
| 73 |
| 67 |
| 98 |
| 11 |
| 52 |
| 61 |
| 97 |
| 47 |
| 32 |
| 45 |
| 50 |
| 65 |
| 79 |
| 52 |
| 82 |
| 91 |
| 41 |
| 55 |
| 37 |
| 77 |
| 13 |
| 54 |
| 22 |
| 11 |
| 41 |
| 76 |
| 48 |
| 58 |
| 50 |
| 10 |
| 51 |
| 62 |
| 52 |
| 45 |
| 81 |
| 89 |
| 72 |
| 31 |
| 49 |
| 99 |
| 35 |
| 90 |
| 13 |
| 12 |
| 69 |
| 46 |
| 44 |
| 18 |
| 18 |
| 42 |
| 22 |
| 49 |
| 70 |
| 80 |
| 65 |
| 46 |
| 31 |
| 91 |
| 34 |
| 79 |
| 34 |
| 60 |
| 73 |
| 52 |
| 56 |
| 12 |
| 83 |
| 98 |
| 55 |
| 63 |
| 33 |
| 17 |
| 76 |
| 78 |
| 8 |
| 93 |
| 36 |
| 77 |
| 96 |
| 14 |
| 10 |
| 95 |
| 41 |
| 65 |
| 78 |
| 78 |
| 42 |
| 67 |
| 96 |
| 37 |
| 13 |
| 43 |
| 77 |
| 14 |
| 50 |
| 85 |
| 23 |
| 23 |
| 46 |
| 90 |
| 21 |
| 46 |
| 23 |
| 20 |
| 24 |
| 57 |
| 23 |
| 79 |
| 84 |
| 31 |
| 62 |
| 88 |
| 67 |
| 83 |
| 36 |
| 68 |
| 23 |
| 42 |
| 36 |
| 52 |
| 56 |
| 43 |
| 12 |
| 54 |
| 38 |
| 64 |
| 99 |
| 80 |
| 28 |
| 100 |
| 21 |
| 78 |
| 61 |
| 87 |
| 30 |
| 53 |
| 25 |
| 80 |
| 86 |
| 38 |
| 16 |
| 16 |
| 93 |
| 56 |
| 35 |
| 40 |
| 34 |
| 24 |
| 18 |
| 88 |
| 92 |
| 72 |
| 12 |
| 48 |
| 61 |
| 63 |
| 7 |
| 69 |
| 87 |
| 41 |
| 32 |
| 41 |
| 15 |
| 24 |
| 73 |
| 55 |
| 44 |
| 74 |
| 55 |
| 89 |
| 80 |
| 55 |
| 71 |
| 11 |
| 20 |
| 12 |
| 57 |
| 91 |
| 75 |
| 82 |
| 91 |
| 22 |
| 47 |
| 32 |
| 80 |
| 36 |
| 23 |
| 55 |
| 82 |
| 20 |
| 44 |
| 49 |
| 90 |
| 63 |
| 22 |
| 14 |
| 85 |
| 47 |
| 99 |
| 19 |
| 86 |
| 32 |
| 40 |
| 17 |
| 11 |
| 38 |
| 38 |
| 58 |
| 58 |
| 57 |
| 52 |
| 23 |
| 13 |
| 96 |
| 9 |
| 34 |
| 41 |
| 59 |
| 82 |
| 10 |
| 63 |
| 43 |
| 91 |
| 77 |
| 65 |
| 44 |
| 91 |
| 43 |
| 51 |
| 63 |
| 49 |
| 17 |
| 66 |
| 32 |
| 24 |
| 87 |
| 16 |
| 56 |
| 80 |
| 29 |
| 87 |
| 55 |
| 25 |
| 42 |
| 94 |
| 45 |
| 10 |
| 74 |
| 76 |
| 68 |
| 7 |
| 28 |
| 51 |
| 47 |
| 15 |
| 87 |
| 44 |
| 57 |
| 75 |
| 21 |
| 67 |
| 71 |
| 81 |
| 16 |
| 82 |
| 84 |
| 81 |
| 54 |
| 68 |
| 51 |
| 12 |
| 41 |
| 55 |
| 45 |
| 78 |
| 79 |
| 95 |
| 25 |
| 18 |
| 77 |
| 32 |
| 22 |
| 19 |
| 35 |
| 44 |
| 93 |
| 96 |
| 67 |
| 69 |
| 80 |
| 24 |
| 40 |
| 10 |
| 25 |
| 50 |
| 51 |
| 28 |
| 24 |
| 81 |
| 24 |
| 52 |
| 87 |
| 83 |
| 95 |
| 65 |
| 38 |
| 64 |
| 17 |
| 11 |
| 47 |
| 100 |
| 27 |
| 55 |
| 93 |
| 59 |
| 38 |
| 40 |
| 97 |
| 89 |
| 41 |
| 70 |
| 35 |
| 39 |
| 31 |
| 28 |
| 49 |
| 50 |
| 31 |
| 53 |
| 54 |
| 99 |
| 55 |
| 48 |
| 60 |
| 52 |
| 80 |
| 62 |
| 77 |
| 16 |
| 9 |
| 41 |
| 66 |
| 14 |
| 94 |
| 88 |
| 67 |
| 78 |
| 65 |
| 92 |
| 12 |
| 70 |
| 43 |
| 16 |
| 71 |
| 42 |
| 86 |
| 26 |
| 24 |
| 78 |
| 97 |
| 26 |
| 67 |
| 43 |
| 44 |
| 38 |
| 44 |
| 21 |
| 62 |
| 89 |
| 21 |
| 7 |
| 18 |
| w_ytd |
| 346243.906250 |
| d_ytd |
| 37073.664062 |
| c_balance | c_ytd_payment | c_payment_cnt |
| -10.000000 | 10.000000 | 1 |
| w_ytd |
| 346301.812500 |
| d_ytd |
| 33612.468750 |
| c_balance | c_ytd_payment | c_payment_cnt |
| -10.000000 | 10.000000 | 1 |
| w_ytd |
| 347823.718750 |
| d_ytd |
| 36231.113281 |
| c_balance | c_ytd_payment | c_payment_cnt |
| -10.000000 | 10.000000 | 1 |
| w_ytd |
| 350179.906250 |
| d_ytd |
| 30000.000000 |
| c_balance | c_ytd_payment | c_payment_cnt |
| -10.000000 | 10.000000 | 1 |
| w_ytd |
| 350464.375000 |
| d_ytd |
| 36262.398438 |
| c_balance | c_ytd_payment | c_payment_cnt |
| -10.000000 | 10.000000 | 1 |
| w_ytd |
| 354472.281250 |
| d_ytd |
| 37131.562500 |
| c_balance | c_ytd_payment | c_payment_cnt |
| -10.000000 | 10.000000 | 1 |
| d_next_o_id |
| 3003 |
| s_quantity |
| 100 |
| s_quantity |
| 55 |
| s_quantity |
| 67 |
| s_quantity |
| 53 |
| s_quantity |
| 81 |
| s_quantity |
| 18 |
| s_quantity |
| 55 |
| s_quantity |
| 53 |
| s_quantity |
| 87 |
| s_quantity |
| 59 |
| w_ytd |
| 356293.968750 |
| d_ytd |
| 40270.296875 |
| c_balance | c_ytd_payment | c_payment_cnt |
| -10.000000 | 10.000000 | 1 |
| w_ytd |
| 358557.468750 |
| d_ytd |
| 30284.474609 |
| c_balance | c_ytd_payment | c_payment_cnt |
| -10.000000 | 10.000000 | 1 |
| w_ytd |
| 361958.937500 |
| d_ytd |
| 33455.589844 |
| c_balance | c_ytd_payment | c_payment_cnt |
| -10.000000 | 10.000000 | 1 |
| d_next_o_id |
| 3004 |
| s_quantity |
| 92 |
| 42 |
| 100 |
| 61 |
| 13 |
| 72 |
| 53 |
| 21 |
| 91 |
| 96 |
| 77 |
| 40 |
| 87 |
| 86 |
| 99 |
| 42 |
| 35 |
| 44 |
| 12 |
| 42 |
| 74 |
| 17 |
| 88 |
| 83 |
| 47 |
| 36 |
| 49 |
| 62 |
| 59 |
| 26 |
| 79 |
| 28 |
| 56 |
| 17 |
| 15 |
| 73 |
| 19 |
| 11 |
| 97 |
| 70 |
| 48 |
| 69 |
| 36 |
| 68 |
| 23 |
| 92 |
| 16 |
| 21 |
| 25 |
| 70 |
| 89 |
| 83 |
| 49 |
| 89 |
| 32 |
| 89 |
| 50 |
| 15 |
| 16 |
| 72 |
| 37 |
| 23 |
| 54 |
| 68 |
| 46 |
| 97 |
| 40 |
| 10 |
| 40 |
| 10 |
| 63 |
| 96 |
| 66 |
| 64 |
| 69 |
| 18 |
| 77 |
| 23 |
| 31 |
| 29 |
| 95 |
| 12 |
| 83 |
| 55 |
| 52 |
| 89 |
| 29 |
| 14 |
| 32 |
| 85 |
| 79 |
| 64 |
| 10 |
| 27 |
| 35 |
| 60 |
| 43 |
| 92 |
| 62 |
| 71 |
| 83 |
| 44 |
| 40 |
| 81 |
| 32 |
| 32 |
| 74 |
| 88 |
| 48 |
| 72 |
| 96 |
| 11 |
| 27 |
| 76 |
| 58 |
| 38 |
| 40 |
| 18 |
| 23 |
| 98 |
| 49 |
| 23 |
| 12 |
| 53 |
| 75 |
| 15 |
| 90 |
| 88 |
| 47 |
| 60 |
| 97 |
| 51 |
| 83 |
| 68 |
| 63 |
| 46 |
| 38 |
| 84 |
| 89 |
| 33 |
| 85 |
| 78 |
| 92 |
| 23 |
| 99 |
| 56 |
| 66 |
| 72 |
| 76 |
| 72 |
| 80 |
| 56 |
| 24 |
| 76 |
| 81 |
| 44 |
| 50 |
| 91 |
| 9 |
| 59 |
| 100 |
| 100 |
| 34 |
| 34 |
| 91 |
| 27 |
| 95 |
| 89 |
| 15 |
| 90 |
| 94 |
| 83 |
| 64 |
| 32 |
| 95 |
| 87 |
| 84 |
| 22 |
| 17 |
| 80 |
| 32 |
| 95 |
| 79 |
| 44 |
| 86 |
| 82 |
| 90 |
| 80 |
| 13 |
| 5 |
| 67 |
| 42 |
| 34 |
| 15 |
| 37 |
| 66 |
| 16 |
| 43 |
| 90 |
| 93 |
| 91 |
| 93 |
| 68 |
| 59 |
| 14 |
| 81 |
| 29 |
| 46 |
| 67 |
| 77 |
| 14 |
| 96 |
| 77 |
| 22 |
| 43 |
| 16 |
| 29 |
| 97 |
| 71 |
| 77 |
| 92 |
| 41 |
| 76 |
| 69 |
| 73 |
| 71 |
| 10 |
| 49 |
| 81 |
| 68 |
| 61 |
| 38 |
| 21 |
| 37 |
| 56 |
| 40 |
| 86 |
| 42 |
| 85 |
| 85 |
| 83 |
| 82 |
| 34 |
| 73 |
| 13 |
| 25 |
| 54 |
| 62 |
| 95 |
| 40 |
| 78 |
| 24 |
| 13 |
| 82 |
| 41 |
| 43 |
| 98 |
| 88 |
| 70 |
| 32 |
| 90 |
| 65 |
| 18 |
| 63 |
| 44 |
| 66 |
| 47 |
| 85 |
| 76 |
| 13 |
| 86 |
| 64 |
| 39 |
| 32 |
| 61 |
| 22 |
| 28 |
| 57 |
| 22 |
| 13 |
| 42 |
| 75 |
| 36 |
| 69 |
| 33 |
| 11 |
| 98 |
| 66 |
| 92 |
| 64 |
| 31 |
| 73 |
| 34 |
| 50 |
| 76 |
| 46 |
| 15 |
| 75 |
| 52 |
| 71 |
| 38 |
| 10 |
| 81 |
| 48 |
| 82 |
| 65 |
| 59 |
| 91 |
| 49 |
| 45 |
| 98 |
| 88 |
| 100 |
| 78 |
| 21 |
| 60 |
| 54 |
| 18 |
| 66 |
| 29 |
| 58 |
| 78 |
| 36 |
| 33 |
| 39 |
| 37 |
| 61 |
| 27 |
| 84 |
| 73 |
| 13 |
| 69 |
| 35 |
| 21 |
| 47 |
| 60 |
| 49 |
| 10 |
| 86 |
| 75 |
| 76 |
| 70 |
| 37 |
| 53 |
| 17 |
| 19 |
| 45 |
| 58 |
| 91 |
| 16 |
| 34 |
| 41 |
| 93 |
| 75 |
| 63 |
| 37 |
| 26 |
| 61 |
| 42 |
| 18 |
| 29 |
| 24 |
| 11 |
| 83 |
| 69 |
| 38 |
| 10 |
| 29 |
| 54 |
| 27 |
| 26 |
| 100 |
| 29 |
| 91 |
| 33 |
| 54 |
| 95 |
| 93 |
| 52 |
| 41 |
| 68 |
| 88 |
| 47 |
| 91 |
| 79 |
| 37 |
| 44 |
| 70 |
| 71 |
| 44 |
| 65 |
| 21 |
| 62 |
| 31 |
| 77 |
| 90 |
| 35 |
| 61 |
| 18 |
| 67 |
| 99 |
| 37 |
| 33 |
| 99 |
| 39 |
| 28 |
| 94 |
| 41 |
| 59 |
| 71 |
| 82 |
| 75 |
| 52 |
| 61 |
| 77 |
| 40 |
| 78 |
| 77 |
| 42 |
| 34 |
| 71 |
| 88 |
| 52 |
| 92 |
| 67 |
| 46 |
| 26 |
| 86 |
| 71 |
| 10 |
| 16 |
| 89 |
| 8 |
| 71 |
| 89 |
| 74 |
| 22 |
| 45 |
| 47 |
| 78 |
| 91 |
| 43 |
| 78 |
| 56 |
| 15 |
| 58 |
| 79 |
| 21 |
| 81 |
| 59 |
| 75 |
| 35 |
| 64 |
| 97 |
| 10 |
| 68 |
| 83 |
| 69 |
| 31 |
| 20 |
| 16 |
| 95 |
| 49 |
| 87 |
| 61 |
| 89 |
| 96 |
| 72 |
| 8 |
| 19 |
| 62 |
| 95 |
| 41 |
| 97 |
| 12 |
| 84 |
| 98 |
| 75 |
| 79 |
| 12 |
| 57 |
| 25 |
| 19 |
| 88 |
| 45 |
| 50 |
| 70 |
| 98 |
| 10 |
| 57 |
| 59 |
| 88 |
| 34 |
| 27 |
| 74 |
| 23 |
| 46 |
| 82 |
| 20 |
| 97 |
| 62 |
| 80 |
| 32 |
| 67 |
| 100 |
| 61 |
| 34 |
| 76 |
| 85 |
| 76 |
| 68 |
| 72 |
| 61 |
| 63 |
| 92 |
| 60 |
| 75 |
| 51 |
| 57 |
| 33 |
| 20 |
| 31 |
| 47 |
| 82 |
| 66 |
| 90 |
| 39 |
| 33 |
| 27 |
| 41 |
| 17 |
| 82 |
| 28 |
| 56 |
| 13 |
| 86 |
| 31 |
| 16 |
| 48 |
| 51 |
| 88 |
| 74 |
| 14 |
| 42 |
| 30 |
| 21 |
| 91 |
| 57 |
| 61 |
| 20 |
| 98 |
| 64 |
| 14 |
| 92 |
| 6 |
| 89 |
| 28 |
| 36 |
| 93 |
| 61 |
| 38 |
| 72 |
| 33 |
| 30 |
| 88 |
| 58 |
| 44 |
| 86 |
| 56 |
| 86 |
| 57 |
| 97 |
| 86 |
| 20 |
| 12 |
| 15 |
| 40 |
| 59 |
| 57 |
| 80 |
| 55 |
| 65 |
| 50 |
| 25 |
| 98 |
| 31 |
| 48 |
| 87 |
| 12 |
| 92 |
| 17 |
| 88 |
| 48 |
| 72 |
| 46 |
| 81 |
| 27 |
| 85 |
| 49 |
| 29 |
| 83 |
| 21 |
| 83 |
| 82 |
| 45 |
| 88 |
| 32 |
| 28 |
| 74 |
| 74 |
| 16 |
| 30 |
| 29 |
| 83 |
| 55 |
| 36 |
| 52 |
| 10 |
| 57 |
| 96 |
| 45 |
| 28 |
| 83 |
| 13 |
| 53 |
| 82 |
| 86 |
| 21 |
| 73 |
| 67 |
| 98 |
| 11 |
| 52 |
| 61 |
| 97 |
| 47 |
| 32 |
| 45 |
| 50 |
| 65 |
| 79 |
| 52 |
| 82 |
| 91 |
| 41 |
| 55 |
| 37 |
| 77 |
| 13 |
| 54 |
| 22 |
| 11 |
| 41 |
| 76 |
| 48 |
| 58 |
| 50 |
| 10 |
| 51 |
| 62 |
| 52 |
| 45 |
| 81 |
| 89 |
| 72 |
| 31 |
| 49 |
| 99 |
| 35 |
| 90 |
| 13 |
| 12 |
| 69 |
| 46 |
| 44 |
| 18 |
| 18 |
| 42 |
| 22 |
| 49 |
| 70 |
| 80 |
| 65 |
| 46 |
| 31 |
| 91 |
| 34 |
| 79 |
| 34 |
| 60 |
| 73 |
| 52 |
| 56 |
| 12 |
| 83 |
| 98 |
| 55 |
| 63 |
| 33 |
| 17 |
| 76 |
| 78 |
| 8 |
| 93 |
| 36 |
| 77 |
| 96 |
| 14 |
| 10 |
| 95 |
| 41 |
| 65 |
| 78 |
| 78 |
| 42 |
| 67 |
| 96 |
| 37 |
| 13 |
| 43 |
| 77 |
| 14 |
| 50 |
| 85 |
| 23 |
| 23 |
| 46 |
| 90 |
| 21 |
| 46 |
| 23 |
| 20 |
| 24 |
| 57 |
| 23 |
| 79 |
| 84 |
| 31 |
| 62 |
| 88 |
| 67 |
| 83 |
| 36 |
| 68 |
| 23 |
| 42 |
| 36 |
| 52 |
| 56 |
| 43 |
| 12 |
| 54 |
| 38 |
| 64 |
| 99 |
| 80 |
| 28 |
| 95 |
| 21 |
| 78 |
| 61 |
| 87 |
| 30 |
| 53 |
| 25 |
| 80 |
| 86 |
| 38 |
| 16 |
| 16 |
| 93 |
| 56 |
| 35 |
| 40 |
| 34 |
| 24 |
| 18 |
| 88 |
| 92 |
| 72 |
| 12 |
| 48 |
| 61 |
| 63 |
| 7 |
| 69 |
| 82 |
| 41 |
| 32 |
| 41 |
| 15 |
| 24 |
| 73 |
| 50 |
| 44 |
| 74 |
| 55 |
| 89 |
| 80 |
| 55 |
| 71 |
| 11 |
| 20 |
| 12 |
| 57 |
| 91 |
| 75 |
| 82 |
| 91 |
| 22 |
| 47 |
| 32 |
| 80 |
| 36 |
| 23 |
| 55 |
| 82 |
| 20 |
| 44 |
| 49 |
| 90 |
| 63 |
| 22 |
| 14 |
| 85 |
| 47 |
| 99 |
| 19 |
| 86 |
| 32 |
| 40 |
| 17 |
| 11 |
| 38 |
| 38 |
| 58 |
| 58 |
| 57 |
| 52 |
| 23 |
| 13 |
| 96 |
| 9 |
| 34 |
| 41 |
| 59 |
| 82 |
| 10 |
| 63 |
| 43 |
| 91 |
| 77 |
| 65 |
| 44 |
| 91 |
| 43 |
| 51 |
| 63 |
| 49 |
| 17 |
| 66 |
| 32 |
| 24 |
| 87 |
| 16 |
| 56 |
| 80 |
| 29 |
| 87 |
| 50 |
| 25 |
| 42 |
| 94 |
| 45 |
| 10 |
| 74 |
| 76 |
| 68 |
| 7 |
| 28 |
| 51 |
| 47 |
| 15 |
| 87 |
| 44 |
| 57 |
| 75 |
| 21 |
| 62 |
| 71 |
| 81 |
| 16 |
| 82 |
| 84 |
| 81 |
| 54 |
| 68 |
| 51 |
| 12 |
| 41 |
| 55 |
| 45 |
| 78 |
| 79 |
| 95 |
| 25 |
| 18 |
| 77 |
| 32 |
| 22 |
| 19 |
| 35 |
| 44 |
| 93 |
| 96 |
| 67 |
| 69 |
| 80 |
| 24 |
| 40 |
| 10 |
| 25 |
| 50 |
| 51 |
| 28 |
| 24 |
| 81 |
| 24 |
| 52 |
| 87 |
| 83 |
| 95 |
| 65 |
| 38 |
| 64 |
| 17 |
| 11 |
| 47 |
| 100 |
| 27 |
| 55 |
| 93 |
| 59 |
| 38 |
| 40 |
| 97 |
| 89 |
| 41 |
| 70 |
| 35 |
| 39 |
| 31 |
| 28 |
| 49 |
| 50 |
| 31 |
| 53 |
| 54 |
| 99 |
| 55 |
| 48 |
| 60 |
| 52 |
| 80 |
| 62 |
| 77 |
| 16 |
| 9 |
| 41 |
| 66 |
| 14 |
| 94 |
| 88 |
| 67 |
| 78 |
| 65 |
| 92 |
| 12 |
| 70 |
| 43 |
| 16 |
| 71 |
| 42 |
| 86 |
| 26 |
| 24 |
| 78 |
| 97 |
| 26 |
| 67 |
| 43 |
| 44 |
| 38 |
| 44 |
| 21 |
| 62 |
| 89 |
| 21 |
| 7 |
| 18 |
| w_ytd |
| 365707.312500 |
| d_ytd |
| 42533.792969 |
| c_balance | c_ytd_payment | c_payment_cnt |
| -10.000000 | 10.000000 | 1 |
| w_ytd |
| 368697.468750 |
| d_ytd |
| 35134.378906 |
| c_balance | c_ytd_payment | c_payment_cnt |
| -10.000000 | 10.000000 | 1 |
| w_ytd |
| 373109.656250 |
| d_ytd |
| 39546.570312 |
| c_balance | c_ytd_payment | c_payment_cnt |
| -10.000000 | 10.000000 | 1 |
| w_ytd |
| 373663.218750 |
| d_ytd |
| 40100.132812 |
| c_balance | c_ytd_payment | c_payment_cnt |
| -10.000000 | 10.000000 | 1 |
| d_next_o_id |
| 3005 |
| s_quantity |
| 89 |
| s_quantity |
| 72 |
| s_quantity |
| 14 |
| s_quantity |
| 65 |
| s_quantity |
| 48 |
| s_quantity |
| 74 |
| s_quantity |
| 88 |
| s_quantity |
| 98 |
| s_quantity |
| 14 |
| s_quantity |
| 17 |
| w_ytd |
| 377144.500000 |
| d_ytd |
| 38587.292969 |
| c_balance | c_ytd_payment | c_payment_cnt |
| -10.000000 | 10.000000 | 1 |
| d_next_o_id |
| 3002 |
| s_quantity |
| 94 |
| s_quantity |
| 88 |
| s_quantity |
| 28 |
| s_quantity |
| 37 |
| s_quantity |
| 53 |
| s_quantity |
| 17 |
| s_quantity |
| 15 |
| s_quantity |
| 16 |
| s_quantity |
| 12 |
| s_quantity |
| 21 |
| w_ytd |
| 377826.718750 |
| d_ytd |
| 37203.953125 |
| c_balance | c_ytd_payment | c_payment_cnt |
| -10.000000 | 10.000000 | 1 |
| d_next_o_id |
| 3003 |
| s_quantity |
| 29 |
| s_quantity |
| 49 |
| s_quantity |
| 58 |
| s_quantity |
| 56 |
| s_quantity |
| 38 |
| s_quantity |
| 55 |
| d_next_o_id |
| 3001 |
| s_quantity |
| 21 |
| s_quantity |
| 88 |
| s_quantity |
| 32 |
| s_quantity |
| 42 |
| s_quantity |
| 86 |
| d_next_o_id |
| 3006 |
| s_quantity |
| 57 |
| s_quantity |
| 34 |
| s_quantity |
| 78 |
| s_quantity |
| 30 |
| s_quantity |
| 46 |
| s_quantity |
| 29 |
| s_quantity |
| 98 |
| s_quantity |
| 35 |
| s_quantity |
| 10 |
| s_quantity |
| 17 |
| s_quantity |
| 71 |
| s_quantity |
| 12 |
| s_quantity |
| 98 |
| s_quantity |
| 98 |
| w_ytd |
| 379766.968750 |
| d_ytd |
| 38953.250000 |
| c_balance | c_ytd_payment | c_payment_cnt |
| -10.000000 | 10.000000 | 1 |
| d_next_o_id |
| 3002 |
| s_quantity |
| 78 |
| s_quantity |
| 79 |
| s_quantity |
| 47 |
| s_quantity |
| 67 |
| s_quantity |
| 49 |
| s_quantity |
| 59 |
| s_quantity |
| 93 |
| s_quantity |
| 69 |
| s_quantity |
| 82 |
| s_quantity |
| 74 |
| s_quantity |
| 71 |
| d_next_o_id |
| 3004 |
| s_quantity |
| 92 |
| 42 |
| 100 |
| 61 |
| 13 |
| 72 |
| 53 |
| 21 |
| 91 |
| 96 |
| 77 |
| 40 |
| 87 |
| 86 |
| 99 |
| 42 |
| 35 |
| 44 |
| 12 |
| 42 |
| 74 |
| 17 |
| 83 |
| 83 |
| 47 |
| 36 |
| 49 |
| 62 |
| 59 |
| 26 |
| 79 |
| 28 |
| 56 |
| 17 |
| 15 |
| 73 |
| 19 |
| 11 |
| 97 |
| 70 |
| 48 |
| 64 |
| 36 |
| 68 |
| 23 |
| 92 |
| 16 |
| 21 |
| 25 |
| 70 |
| 89 |
| 83 |
| 44 |
| 89 |
| 32 |
| 89 |
| 50 |
| 10 |
| 16 |
| 72 |
| 37 |
| 23 |
| 54 |
| 68 |
| 46 |
| 97 |
| 40 |
| 10 |
| 40 |
| 10 |
| 63 |
| 96 |
| 66 |
| 64 |
| 69 |
| 18 |
| 77 |
| 23 |
| 31 |
| 24 |
| 95 |
| 12 |
| 83 |
| 55 |
| 52 |
| 89 |
| 29 |
| 14 |
| 32 |
| 85 |
| 79 |
| 64 |
| 10 |
| 27 |
| 35 |
| 60 |
| 43 |
| 92 |
| 62 |
| 71 |
| 83 |
| 44 |
| 40 |
| 81 |
| 32 |
| 32 |
| 74 |
| 88 |
| 48 |
| 72 |
| 96 |
| 11 |
| 27 |
| 76 |
| 58 |
| 38 |
| 40 |
| 18 |
| 23 |
| 98 |
| 49 |
| 23 |
| 12 |
| 53 |
| 75 |
| 15 |
| 90 |
| 83 |
| 47 |
| 60 |
| 97 |
| 51 |
| 83 |
| 68 |
| 63 |
| 46 |
| 38 |
| 84 |
| 89 |
| 33 |
| 85 |
| 78 |
| 92 |
| 23 |
| 99 |
| 56 |
| 66 |
| 72 |
| 76 |
| 72 |
| 80 |
| 56 |
| 24 |
| 76 |
| 81 |
| 44 |
| 50 |
| 91 |
| 9 |
| 59 |
| 100 |
| 100 |
| 34 |
| 29 |
| 91 |
| 27 |
| 95 |
| 89 |
| 15 |
| 90 |
| 94 |
| 83 |
| 64 |
| 32 |
| 95 |
| 87 |
| 84 |
| 22 |
| 7 |
| 80 |
| 32 |
| 95 |
| 79 |
| 44 |
| 86 |
| 82 |
| 90 |
| 80 |
| 13 |
| 5 |
| 67 |
| 42 |
| 34 |
| 15 |
| 37 |
| 66 |
| 16 |
| 43 |
| 90 |
| 93 |
| 91 |
| 93 |
| 68 |
| 59 |
| 14 |
| 81 |
| 29 |
| 46 |
| 67 |
| 77 |
| 9 |
| 96 |
| 77 |
| 22 |
| 43 |
| 16 |
| 29 |
| 97 |
| 71 |
| 77 |
| 92 |
| 41 |
| 76 |
| 69 |
| 73 |
| 71 |
| 10 |
| 49 |
| 81 |
| 68 |
| 61 |
| 38 |
| 21 |
| 37 |
| 51 |
| 40 |
| 86 |
| 42 |
| 85 |
| 85 |
| 83 |
| 77 |
| 34 |
| 73 |
| 13 |
| 25 |
| 54 |
| 62 |
| 95 |
| 40 |
| 78 |
| 24 |
| 13 |
| 82 |
| 41 |
| 43 |
| 98 |
| 88 |
| 70 |
| 27 |
| 90 |
| 65 |
| 18 |
| 63 |
| 44 |
| 66 |
| 47 |
| 85 |
| 76 |
| 13 |
| 86 |
| 64 |
| 39 |
| 32 |
| 61 |
| 22 |
| 28 |
| 57 |
| 22 |
| 13 |
| 42 |
| 75 |
| 36 |
| 69 |
| 33 |
| 11 |
| 98 |
| 66 |
| 92 |
| 64 |
| 31 |
| 73 |
| 34 |
| 50 |
| 76 |
| 46 |
| 15 |
| 75 |
| 52 |
| 71 |
| 38 |
| 10 |
| 81 |
| 48 |
| 82 |
| 65 |
| 59 |
| 91 |
| 49 |
| 45 |
| 88 |
| 88 |
| 100 |
| 78 |
| 21 |
| 60 |
| 54 |
| 18 |
| 66 |
| 29 |
| 58 |
| 78 |
| 36 |
| 33 |
| 39 |
| 32 |
| 61 |
| 27 |
| 84 |
| 73 |
| 13 |
| 69 |
| 35 |
| 21 |
| 47 |
| 60 |
| 49 |
| 10 |
| 86 |
| 75 |
| 76 |
| 70 |
| 37 |
| 53 |
| 17 |
| 19 |
| 45 |
| 58 |
| 91 |
| 16 |
| 34 |
| 41 |
| 93 |
| 75 |
| 63 |
| 37 |
| 26 |
| 61 |
| 42 |
| 18 |
| 29 |
| 24 |
| 11 |
| 83 |
| 69 |
| 38 |
| 10 |
| 29 |
| 54 |
| 27 |
| 26 |
| 100 |
| 29 |
| 91 |
| 33 |
| 54 |
| 95 |
| 93 |
| 52 |
| 41 |
| 68 |
| 88 |
| 47 |
| 91 |
| 79 |
| 37 |
| 44 |
| 70 |
| 66 |
| 44 |
| 65 |
| 21 |
| 62 |
| 31 |
| 77 |
| 90 |
| 35 |
| 61 |
| 18 |
| 67 |
| 99 |
| 37 |
| 33 |
| 99 |
| 39 |
| 28 |
| 94 |
| 41 |
| 59 |
| 71 |
| 82 |
| 75 |
| 52 |
| 61 |
| 77 |
| 40 |
| 78 |
| 77 |
| 42 |
| 34 |
| 71 |
| 88 |
| 52 |
| 92 |
| 67 |
| 46 |
| 26 |
| 86 |
| 71 |
| 10 |
| 16 |
| 89 |
| 8 |
| 71 |
| 89 |
| 74 |
| 22 |
| 45 |
| 42 |
| 78 |
| 91 |
| 43 |
| 73 |
| 56 |
| 15 |
| 58 |
| 79 |
| 21 |
| 81 |
| 59 |
| 75 |
| 30 |
| 64 |
| 97 |
| 10 |
| 68 |
| 83 |
| 69 |
| 31 |
| 20 |
| 16 |
| 95 |
| 49 |
| 87 |
| 61 |
| 89 |
| 96 |
| 72 |
| 8 |
| 19 |
| 62 |
| 95 |
| 41 |
| 97 |
| 12 |
| 84 |
| 93 |
| 75 |
| 79 |
| 12 |
| 57 |
| 25 |
| 19 |
| 88 |
| 45 |
| 50 |
| 70 |
| 98 |
| 10 |
| 57 |
| 59 |
| 88 |
| 34 |
| 27 |
| 74 |
| 23 |
| 46 |
| 82 |
| 20 |
| 97 |
| 62 |
| 80 |
| 32 |
| 67 |
| 100 |
| 61 |
| 34 |
| 76 |
| 85 |
| 76 |
| 68 |
| 72 |
| 61 |
| 63 |
| 92 |
| 60 |
| 75 |
| 51 |
| 57 |
| 33 |
| 20 |
| 31 |
| 47 |
| 82 |
| 66 |
| 90 |
| 39 |
| 33 |
| 27 |
| 41 |
| 17 |
| 82 |
| 28 |
| 56 |
| 13 |
| 86 |
| 31 |
| 16 |
| 43 |
| 51 |
| 88 |
| 69 |
| 14 |
| 42 |
| 30 |
| 21 |
| 91 |
| 52 |
| 61 |
| 20 |
| 93 |
| 64 |
| 14 |
| 92 |
| 6 |
| 89 |
| 28 |
| 36 |
| 93 |
| 61 |
| 33 |
| 72 |
| 33 |
| 30 |
| 88 |
| 58 |
| 44 |
| 86 |
| 56 |
| 86 |
| 57 |
| 97 |
| 86 |
| 20 |
| 12 |
| 15 |
| 40 |
| 59 |
| 57 |
| 80 |
| 55 |
| 65 |
| 50 |
| 25 |
| 93 |
| 31 |
| 48 |
| 87 |
| 12 |
| 92 |
| 12 |
| 88 |
| 48 |
| 67 |
| 46 |
| 81 |
| 27 |
| 85 |
| 49 |
| 29 |
| 83 |
| 21 |
| 83 |
| 82 |
| 45 |
| 88 |
| 32 |
| 28 |
| 74 |
| 69 |
| 16 |
| 30 |
| 24 |
| 83 |
| 55 |
| 36 |
| 52 |
| 5 |
| 57 |
| 96 |
| 45 |
| 28 |
| 83 |
| 13 |
| 48 |
| 82 |
| 86 |
| 16 |
| 73 |
| 67 |
| 98 |
| 11 |
| 52 |
| 61 |
| 97 |
| 47 |
| 32 |
| 45 |
| 50 |
| 65 |
| 79 |
| 52 |
| 82 |
| 91 |
| 41 |
| 55 |
| 37 |
| 77 |
| 13 |
| 54 |
| 22 |
| 11 |
| 41 |
| 76 |
| 48 |
| 58 |
| 50 |
| 10 |
| 51 |
| 62 |
| 52 |
| 45 |
| 81 |
| 89 |
| 72 |
| 31 |
| 49 |
| 99 |
| 35 |
| 90 |
| 13 |
| 12 |
| 69 |
| 46 |
| 44 |
| 18 |
| 18 |
| 42 |
| 22 |
| 49 |
| 70 |
| 80 |
| 65 |
| 41 |
| 31 |
| 91 |
| 34 |
| 79 |
| 34 |
| 60 |
| 73 |
| 52 |
| 56 |
| 12 |
| 83 |
| 98 |
| 55 |
| 63 |
| 33 |
| 17 |
| 76 |
| 78 |
| 8 |
| 93 |
| 36 |
| 77 |
| 96 |
| 14 |
| 10 |
| 95 |
| 41 |
| 60 |
| 78 |
| 78 |
| 42 |
| 67 |
| 96 |
| 37 |
| 13 |
| 43 |
| 77 |
| 14 |
| 50 |
| 85 |
| 23 |
| 23 |
| 46 |
| 90 |
| 21 |
| 46 |
| 23 |
| 20 |
| 24 |
| 57 |
| 23 |
| 74 |
| 84 |
| 31 |
| 62 |
| 88 |
| 67 |
| 83 |
| 36 |
| 68 |
| 23 |
| 42 |
| 36 |
| 52 |
| 56 |
| 43 |
| 12 |
| 54 |
| 38 |
| 64 |
| 99 |
| 80 |
| 28 |
| 95 |
| 21 |
| 73 |
| 61 |
| 87 |
| 25 |
| 53 |
| 25 |
| 80 |
| 86 |
| 38 |
| 11 |
| 16 |
| 93 |
| 56 |
| 35 |
| 40 |
| 34 |
| 24 |
| 18 |
| 88 |
| 92 |
| 72 |
| 7 |
| 48 |
| 61 |
| 63 |
| 7 |
| 69 |
| 82 |
| 41 |
| 32 |
| 41 |
| 15 |
| 24 |
| 73 |
| 50 |
| 44 |
| 74 |
| 55 |
| 84 |
| 80 |
| 55 |
| 71 |
| 11 |
| 20 |
| 12 |
| 57 |
| 91 |
| 75 |
| 82 |
| 91 |
| 22 |
| 47 |
| 32 |
| 80 |
| 36 |
| 23 |
| 50 |
| 82 |
| 20 |
| 44 |
| 49 |
| 90 |
| 63 |
| 22 |
| 14 |
| 85 |
| 47 |
| 99 |
| 19 |
| 86 |
| 32 |
| 40 |
| 17 |
| 11 |
| 38 |
| 38 |
| 53 |
| 58 |
| 57 |
| 52 |
| 23 |
| 13 |
| 96 |
| 9 |
| 34 |
| 41 |
| 59 |
| 82 |
| 10 |
| 63 |
| 43 |
| 91 |
| 77 |
| 65 |
| 44 |
| 91 |
| 43 |
| 51 |
| 63 |
| 49 |
| 12 |
| 66 |
| 32 |
| 24 |
| 87 |
| 16 |
| 56 |
| 80 |
| 29 |
| 87 |
| 50 |
| 25 |
| 42 |
| 94 |
| 45 |
| 10 |
| 74 |
| 76 |
| 68 |
| 7 |
| 23 |
| 51 |
| 47 |
| 15 |
| 87 |
| 44 |
| 57 |
| 75 |
| 21 |
| 62 |
| 66 |
| 81 |
| 16 |
| 82 |
| 84 |
| 81 |
| 54 |
| 68 |
| 51 |
| 12 |
| 41 |
| 55 |
| 45 |
| 78 |
| 79 |
| 95 |
| 25 |
| 18 |
| 77 |
| 32 |
| 22 |
| 19 |
| 35 |
| 44 |
| 93 |
| 96 |
| 67 |
| 69 |
| 80 |
| 24 |
| 40 |
| 10 |
| 25 |
| 50 |
| 51 |
| 28 |
| 24 |
| 81 |
| 24 |
| 52 |
| 87 |
| 83 |
| 95 |
| 65 |
| 38 |
| 64 |
| 17 |
| 11 |
| 47 |
| 100 |
| 27 |
| 55 |
| 93 |
| 54 |
| 38 |
| 40 |
| 97 |
| 89 |
| 41 |
| 70 |
| 35 |
| 39 |
| 31 |
| 28 |
| 44 |
| 50 |
| 31 |
| 53 |
| 54 |
| 99 |
| 55 |
| 48 |
| 60 |
| 52 |
| 80 |
| 62 |
| 77 |
| 16 |
| 9 |
| 41 |
| 66 |
| 9 |
| 89 |
| 83 |
| 62 |
| 78 |
| 65 |
| 92 |
| 12 |
| 70 |
| 43 |
| 16 |
| 71 |
| 37 |
| 81 |
| 26 |
| 24 |
| 78 |
| 97 |
| 26 |
| 67 |
| 43 |
| 44 |
| 38 |
| 44 |
| 16 |
| 62 |
| 89 |
| 21 |
| 7 |
| 18 |
| d_next_o_id |
| 3004 |
| s_quantity |
| 88 |
| s_quantity |
| 88 |
| s_quantity |
| 20 |
| s_quantity |
| 49 |
| s_quantity |
| 20 |
| s_quantity |
| 47 |
| w_ytd |
| 381980.156250 |
| d_ytd |
| 39269.515625 |
| c_balance | c_ytd_payment | c_payment_cnt |
| -10.000000 | 10.000000 | 1 |
| d_next_o_id |
| 3005 |
| s_quantity |
| 32 |
| s_quantity |
| 65 |
| s_quantity |
| 28 |
| s_quantity |
| 21 |
| s_quantity |
| 20 |
| s_quantity |
| 85 |
| s_quantity |
| 44 |
| s_quantity |
| 81 |
| s_quantity |
| 10 |
| d_next_o_id |
| 3003 |
| s_quantity |
| 52 |
| s_quantity |
| 22 |
| s_quantity |
| 39 |
| s_quantity |
| 16 |
| s_quantity |
| 77 |
| s_quantity |
| 47 |
| s_quantity |
| 21 |
| s_quantity |
| 52 |
| s_quantity |
| 72 |
| s_quantity |
| 52 |
| s_quantity |
| 31 |
| w_ytd |
| 386039.468750 |
| d_ytd |
| 43581.429688 |
| c_balance | c_ytd_payment | c_payment_cnt |
| -10.000000 | 10.000000 | 1 |
| d_next_o_id |
| 3006 |
| s_quantity |
| 95 |
| s_quantity |
| 22 |
| s_quantity |
| 16 |
| s_quantity |
| 90 |
| s_quantity |
| 10 |
| s_quantity |
| 61 |
| s_quantity |
| 44 |
| s_quantity |
| 89 |
| s_quantity |
| 65 |
| s_quantity |
| 12 |
| s_quantity |
| 40 |
| s_quantity |
| 22 |
| w_ytd |
| 386194.343750 |
| d_ytd |
| 33286.398438 |
| c_balance | c_ytd_payment | c_payment_cnt |
| -10.000000 | 10.000000 | 1 |
| w_ytd |
| 387406.875000 |
| d_ytd |
| 33685.957031 |
| c_balance | c_ytd_payment | c_payment_cnt |
| -10.000000 | 10.000000 | 1 |
| d_next_o_id |
| 3003 |
| s_quantity |
| 92 |
| 42 |
| 100 |
| 61 |
| 13 |
| 72 |
| 53 |
| 21 |
| 91 |
| 96 |
| 77 |
| 40 |
| 87 |
| 86 |
| 99 |
| 42 |
| 35 |
| 44 |
| 12 |
| 42 |
| 74 |
| 17 |
| 83 |
| 83 |
| 47 |
| 36 |
| 44 |
| 62 |
| 59 |
| 26 |
| 79 |
| 28 |
| 56 |
| 17 |
| 15 |
| 73 |
| 19 |
| 11 |
| 97 |
| 70 |
| 48 |
| 64 |
| 36 |
| 68 |
| 23 |
| 92 |
| 16 |
| 21 |
| 25 |
| 70 |
| 89 |
| 83 |
| 44 |
| 84 |
| 32 |
| 89 |
| 50 |
| 10 |
| 16 |
| 72 |
| 37 |
| 23 |
| 54 |
| 68 |
| 46 |
| 97 |
| 40 |
| 10 |
| 40 |
| 10 |
| 63 |
| 96 |
| 66 |
| 64 |
| 69 |
| 18 |
| 77 |
| 23 |
| 31 |
| 24 |
| 95 |
| 12 |
| 83 |
| 55 |
| 52 |
| 89 |
| 29 |
| 14 |
| 32 |
| 85 |
| 79 |
| 64 |
| 10 |
| 27 |
| 35 |
| 60 |
| 43 |
| 92 |
| 62 |
| 71 |
| 83 |
| 44 |
| 40 |
| 81 |
| 32 |
| 32 |
| 74 |
| 88 |
| 48 |
| 72 |
| 96 |
| 11 |
| 27 |
| 76 |
| 58 |
| 38 |
| 40 |
| 18 |
| 23 |
| 98 |
| 49 |
| 23 |
| 12 |
| 53 |
| 75 |
| 15 |
| 90 |
| 83 |
| 47 |
| 60 |
| 97 |
| 51 |
| 83 |
| 68 |
| 63 |
| 46 |
| 38 |
| 84 |
| 89 |
| 33 |
| 85 |
| 78 |
| 92 |
| 23 |
| 99 |
| 56 |
| 66 |
| 67 |
| 76 |
| 72 |
| 80 |
| 56 |
| 24 |
| 76 |
| 81 |
| 44 |
| 50 |
| 91 |
| 9 |
| 59 |
| 100 |
| 100 |
| 34 |
| 29 |
| 91 |
| 27 |
| 95 |
| 89 |
| 15 |
| 90 |
| 94 |
| 83 |
| 64 |
| 32 |
| 95 |
| 87 |
| 84 |
| 17 |
| 7 |
| 80 |
| 27 |
| 90 |
| 79 |
| 44 |
| 86 |
| 82 |
| 90 |
| 80 |
| 13 |
| 5 |
| 67 |
| 42 |
| 34 |
| 15 |
| 37 |
| 66 |
| 16 |
| 43 |
| 90 |
| 93 |
| 91 |
| 93 |
| 68 |
| 59 |
| 14 |
| 81 |
| 29 |
| 46 |
| 67 |
| 77 |
| 9 |
| 96 |
| 77 |
| 22 |
| 43 |
| 16 |
| 29 |
| 97 |
| 71 |
| 77 |
| 92 |
| 41 |
| 76 |
| 69 |
| 73 |
| 71 |
| 5 |
| 49 |
| 81 |
| 68 |
| 61 |
| 38 |
| 21 |
| 37 |
| 51 |
| 40 |
| 86 |
| 42 |
| 85 |
| 85 |
| 83 |
| 77 |
| 34 |
| 73 |
| 13 |
| 25 |
| 54 |
| 62 |
| 95 |
| 40 |
| 78 |
| 24 |
| 13 |
| 82 |
| 41 |
| 43 |
| 98 |
| 88 |
| 70 |
| 27 |
| 90 |
| 65 |
| 18 |
| 63 |
| 44 |
| 66 |
| 42 |
| 85 |
| 76 |
| 13 |
| 86 |
| 64 |
| 39 |
| 32 |
| 61 |
| 17 |
| 23 |
| 57 |
| 17 |
| 13 |
| 42 |
| 75 |
| 36 |
| 69 |
| 33 |
| 11 |
| 98 |
| 66 |
| 92 |
| 64 |
| 31 |
| 73 |
| 34 |
| 50 |
| 76 |
| 46 |
| 15 |
| 75 |
| 52 |
| 71 |
| 38 |
| 10 |
| 81 |
| 48 |
| 82 |
| 65 |
| 59 |
| 91 |
| 49 |
| 45 |
| 88 |
| 83 |
| 100 |
| 78 |
| 21 |
| 60 |
| 54 |
| 18 |
| 66 |
| 29 |
| 58 |
| 78 |
| 36 |
| 33 |
| 39 |
| 32 |
| 61 |
| 27 |
| 84 |
| 73 |
| 13 |
| 69 |
| 35 |
| 21 |
| 47 |
| 60 |
| 49 |
| 10 |
| 86 |
| 75 |
| 76 |
| 70 |
| 37 |
| 53 |
| 17 |
| 19 |
| 45 |
| 58 |
| 91 |
| 16 |
| 34 |
| 41 |
| 93 |
| 75 |
| 63 |
| 37 |
| 26 |
| 61 |
| 42 |
| 18 |
| 29 |
| 24 |
| 11 |
| 83 |
| 69 |
| 38 |
| 10 |
| 29 |
| 54 |
| 27 |
| 26 |
| 100 |
| 29 |
| 91 |
| 33 |
| 54 |
| 95 |
| 93 |
| 47 |
| 41 |
| 68 |
| 83 |
| 47 |
| 91 |
| 79 |
| 37 |
| 44 |
| 70 |
| 66 |
| 44 |
| 65 |
| 16 |
| 62 |
| 31 |
| 77 |
| 90 |
| 35 |
| 61 |
| 18 |
| 67 |
| 99 |
| 37 |
| 33 |
| 99 |
| 39 |
| 28 |
| 94 |
| 41 |
| 59 |
| 71 |
| 82 |
| 75 |
| 52 |
| 61 |
| 77 |
| 40 |
| 78 |
| 72 |
| 42 |
| 34 |
| 71 |
| 88 |
| 52 |
| 92 |
| 67 |
| 46 |
| 26 |
| 86 |
| 71 |
| 10 |
| 11 |
| 89 |
| 8 |
| 71 |
| 89 |
| 74 |
| 22 |
| 45 |
| 42 |
| 78 |
| 91 |
| 43 |
| 73 |
| 56 |
| 15 |
| 58 |
| 79 |
| 21 |
| 81 |
| 59 |
| 75 |
| 30 |
| 64 |
| 97 |
| 5 |
| 68 |
| 83 |
| 69 |
| 31 |
| 20 |
| 16 |
| 95 |
| 49 |
| 87 |
| 61 |
| 89 |
| 96 |
| 72 |
| 8 |
| 19 |
| 62 |
| 95 |
| 41 |
| 97 |
| 12 |
| 84 |
| 93 |
| 75 |
| 79 |
| 12 |
| 57 |
| 25 |
| 19 |
| 88 |
| 45 |
| 50 |
| 70 |
| 98 |
| 10 |
| 57 |
| 59 |
| 88 |
| 34 |
| 27 |
| 74 |
| 23 |
| 46 |
| 82 |
| 20 |
| 97 |
| 62 |
| 80 |
| 32 |
| 67 |
| 100 |
| 61 |
| 34 |
| 76 |
| 85 |
| 76 |
| 68 |
| 72 |
| 61 |
| 63 |
| 92 |
| 60 |
| 75 |
| 51 |
| 57 |
| 33 |
| 20 |
| 31 |
| 42 |
| 82 |
| 66 |
| 90 |
| 39 |
| 33 |
| 27 |
| 41 |
| 17 |
| 82 |
| 28 |
| 56 |
| 13 |
| 86 |
| 31 |
| 16 |
| 43 |
| 51 |
| 88 |
| 69 |
| 14 |
| 42 |
| 30 |
| 21 |
| 91 |
| 52 |
| 61 |
| 20 |
| 93 |
| 64 |
| 14 |
| 92 |
| 6 |
| 89 |
| 28 |
| 36 |
| 93 |
| 61 |
| 33 |
| 72 |
| 33 |
| 30 |
| 88 |
| 58 |
| 44 |
| 86 |
| 56 |
| 86 |
| 57 |
| 97 |
| 86 |
| 15 |
| 12 |
| 15 |
| 40 |
| 59 |
| 57 |
| 80 |
| 55 |
| 65 |
| 50 |
| 25 |
| 93 |
| 31 |
| 48 |
| 87 |
| 12 |
| 92 |
| 7 |
| 88 |
| 48 |
| 67 |
| 46 |
| 81 |
| 27 |
| 85 |
| 49 |
| 29 |
| 83 |
| 16 |
| 83 |
| 82 |
| 45 |
| 88 |
| 32 |
| 28 |
| 74 |
| 69 |
| 16 |
| 30 |
| 24 |
| 83 |
| 55 |
| 36 |
| 47 |
| 5 |
| 57 |
| 96 |
| 45 |
| 28 |
| 83 |
| 13 |
| 48 |
| 82 |
| 86 |
| 16 |
| 73 |
| 67 |
| 98 |
| 11 |
| 52 |
| 61 |
| 97 |
| 47 |
| 32 |
| 45 |
| 50 |
| 60 |
| 79 |
| 52 |
| 82 |
| 91 |
| 41 |
| 55 |
| 37 |
| 77 |
| 13 |
| 54 |
| 22 |
| 11 |
| 41 |
| 76 |
| 48 |
| 58 |
| 50 |
| 10 |
| 51 |
| 62 |
| 52 |
| 45 |
| 81 |
| 89 |
| 72 |
| 26 |
| 49 |
| 99 |
| 35 |
| 90 |
| 13 |
| 12 |
| 69 |
| 46 |
| 34 |
| 18 |
| 18 |
| 42 |
| 22 |
| 49 |
| 70 |
| 80 |
| 65 |
| 41 |
| 31 |
| 91 |
| 34 |
| 79 |
| 34 |
| 60 |
| 73 |
| 52 |
| 56 |
| 12 |
| 83 |
| 98 |
| 55 |
| 63 |
| 33 |
| 17 |
| 76 |
| 78 |
| 8 |
| 93 |
| 36 |
| 77 |
| 96 |
| 14 |
| 10 |
| 95 |
| 41 |
| 60 |
| 78 |
| 78 |
| 42 |
| 67 |
| 96 |
| 37 |
| 13 |
| 43 |
| 77 |
| 14 |
| 50 |
| 85 |
| 23 |
| 23 |
| 46 |
| 90 |
| 21 |
| 46 |
| 23 |
| 20 |
| 24 |
| 57 |
| 23 |
| 74 |
| 84 |
| 31 |
| 62 |
| 88 |
| 67 |
| 83 |
| 36 |
| 68 |
| 23 |
| 42 |
| 36 |
| 52 |
| 56 |
| 43 |
| 12 |
| 54 |
| 38 |
| 64 |
| 99 |
| 80 |
| 28 |
| 95 |
| 21 |
| 73 |
| 61 |
| 87 |
| 25 |
| 53 |
| 25 |
| 80 |
| 86 |
| 38 |
| 11 |
| 16 |
| 93 |
| 56 |
| 35 |
| 40 |
| 34 |
| 24 |
| 18 |
| 88 |
| 92 |
| 72 |
| 7 |
| 48 |
| 56 |
| 63 |
| 7 |
| 69 |
| 82 |
| 41 |
| 32 |
| 41 |
| 15 |
| 24 |
| 73 |
| 50 |
| 39 |
| 74 |
| 55 |
| 84 |
| 80 |
| 55 |
| 71 |
| 11 |
| 15 |
| 12 |
| 57 |
| 91 |
| 75 |
| 82 |
| 91 |
| 22 |
| 47 |
| 32 |
| 80 |
| 36 |
| 23 |
| 50 |
| 82 |
| 15 |
| 44 |
| 49 |
| 85 |
| 63 |
| 22 |
| 14 |
| 80 |
| 47 |
| 99 |
| 19 |
| 86 |
| 32 |
| 40 |
| 17 |
| 11 |
| 38 |
| 38 |
| 53 |
| 58 |
| 57 |
| 47 |
| 23 |
| 13 |
| 96 |
| 9 |
| 34 |
| 41 |
| 59 |
| 82 |
| 10 |
| 63 |
| 43 |
| 91 |
| 77 |
| 65 |
| 44 |
| 91 |
| 43 |
| 51 |
| 63 |
| 49 |
| 12 |
| 66 |
| 32 |
| 24 |
| 87 |
| 16 |
| 56 |
| 80 |
| 29 |
| 87 |
| 50 |
| 25 |
| 42 |
| 94 |
| 45 |
| 10 |
| 74 |
| 76 |
| 68 |
| 7 |
| 23 |
| 51 |
| 47 |
| 15 |
| 87 |
| 44 |
| 57 |
| 75 |
| 21 |
| 62 |
| 66 |
| 81 |
| 11 |
| 82 |
| 84 |
| 81 |
| 54 |
| 68 |
| 51 |
| 12 |
| 41 |
| 55 |
| 45 |
| 78 |
| 79 |
| 95 |
| 25 |
| 18 |
| 77 |
| 32 |
| 22 |
| 19 |
| 35 |
| 44 |
| 93 |
| 96 |
| 67 |
| 69 |
| 80 |
| 24 |
| 35 |
| 10 |
| 25 |
| 50 |
| 51 |
| 28 |
| 24 |
| 81 |
| 24 |
| 52 |
| 87 |
| 83 |
| 95 |
| 65 |
| 38 |
| 64 |
| 17 |
| 11 |
| 47 |
| 100 |
| 27 |
| 55 |
| 93 |
| 54 |
| 38 |
| 40 |
| 97 |
| 89 |
| 41 |
| 70 |
| 35 |
| 39 |
| 31 |
| 28 |
| 44 |
| 50 |
| 31 |
| 53 |
| 54 |
| 99 |
| 55 |
| 48 |
| 60 |
| 52 |
| 80 |
| 62 |
| 77 |
| 16 |
| 9 |
| 41 |
| 66 |
| 9 |
| 89 |
| 83 |
| 62 |
| 78 |
| 60 |
| 92 |
| 12 |
| 70 |
| 43 |
| 16 |
| 71 |
| 37 |
| 76 |
| 26 |
| 24 |
| 78 |
| 97 |
| 26 |
| 67 |
| 43 |
| 44 |
| 38 |
| 44 |
| 16 |
| 62 |
| 89 |
| 21 |
| 7 |
| 18 |
| w_ytd |
| 388073.031250 |
| d_ytd |
| 36669.781250 |
| c_balance | c_ytd_payment | c_payment_cnt |
| -10.000000 | 10.000000 | 1 |
| d_next_o_id |
| 3002 |
| s_quantity |
| 14 |
| s_quantity |
| 90 |
| s_quantity |
| 28 |
| s_quantity |
| 29 |
| s_quantity |
| 48 |
| s_quantity |
| 88 |
| s_quantity |
| 76 |
| s_quantity |
| 40 |
| s_quantity |
| 78 |
| s_quantity |
| 89 |
| d_next_o_id |
| 3003 |
| s_quantity |
| 9 |
| s_quantity |
| 55 |
| s_quantity |
| 18 |
| s_quantity |
| 72 |
| s_quantity |
| 50 |
| s_quantity |
| 73 |
| s_quantity |
| 85 |
| s_quantity |
| 33 |
| s_quantity |
| 95 |
| s_quantity |
| 91 |
| s_quantity |
| 9 |
| w_ytd |
| 391373.718750 |
| d_ytd |
| 43328.835938 |
| c_balance | c_ytd_payment | c_payment_cnt |
| -10.000000 | 10.000000 | 1 |
| w_ytd |
| 395391.718750 |
| d_ytd |
| 34498.937500 |
| c_balance | c_ytd_payment | c_payment_cnt |
| -10.000000 | 10.000000 | 1 |
| d_next_o_id |
| 3005 |
| s_quantity |
| 78 |
| s_quantity |
| 35 |
| s_quantity |
| 52 |
| s_quantity |
| 38 |
| s_quantity |
| 87 |
| w_ytd |
| 397653.312500 |
| d_ytd |
| 41166.437500 |
| c_balance | c_ytd_payment | c_payment_cnt |
| -10.000000 | 10.000000 | 1 |
| w_ytd |
| 402563.312500 |
| d_ytd |
| 39144.210938 |
| c_balance | c_ytd_payment | c_payment_cnt |
| -10.000000 | 10.000000 | 1 |
| w_ytd |
| 405737.062500 |
| d_ytd |
| 34829.941406 |
| c_balance | c_ytd_payment | c_payment_cnt |
| -10.000000 | 10.000000 | 1 |
| d_next_o_id |
| 3004 |
| s_quantity |
| 32 |
| s_quantity |
| 89 |
| s_quantity |
| 69 |
| s_quantity |
| 77 |
| s_quantity |
| 45 |
| s_quantity |
| 61 |
| s_quantity |
| 23 |
| s_quantity |
| 22 |
| s_quantity |
| 45 |
| s_quantity |
| 40 |
| s_quantity |
| 62 |
| d_next_o_id |
| 3007 |
| s_quantity |
| 78 |
| s_quantity |
| 38 |
| s_quantity |
| 42 |
| s_quantity |
| 25 |
| s_quantity |
| 21 |
| s_quantity |
| 23 |
| s_quantity |
| 13 |
| s_quantity |
| 41 |
| s_quantity |
| 43 |
| s_quantity |
| 47 |
| s_quantity |
| 25 |
| s_quantity |
| 63 |
| s_quantity |
| 87 |
| d_next_o_id |
| 3005 |
| s_quantity |
| 45 |
| s_quantity |
| 32 |
| s_quantity |
| 47 |
| s_quantity |
| 10 |
| s_quantity |
| 53 |
| s_quantity |
| 13 |
| s_quantity |
| 16 |
| s_quantity |
| 42 |
| w_ytd |
| 408490.843750 |
| d_ytd |
| 47346.835938 |
| c_balance | c_ytd_payment | c_payment_cnt |
| -10.000000 | 10.000000 | 1 |
| d_next_o_id |
| 3003 |
| s_quantity |
| 93 |
| s_quantity |
| 68 |
| s_quantity |
| 10 |
| s_quantity |
| 96 |
| s_quantity |
| 65 |
| s_quantity |
| 55 |
| s_quantity |
| 93 |
| s_quantity |
| 65 |
| s_quantity |
| 29 |
| s_quantity |
| 35 |
| s_quantity |
| 31 |
| s_quantity |
| 63 |
| s_quantity |
| 70 |
| s_quantity |
| 40 |
| d_next_o_id |
| 3008 |
| s_quantity |
| 18 |
| s_quantity |
| 52 |
| s_quantity |
| 75 |
| s_quantity |
| 67 |
| s_quantity |
| 89 |
| s_quantity |
| 55 |
| s_quantity |
| 73 |
| s_quantity |
| 42 |
| s_quantity |
| 54 |
| s_quantity |
| 11 |
| d_next_o_id |
| 3002 |
| s_quantity |
| 14 |
| s_quantity |
| 60 |
| s_quantity |
| 18 |
| s_quantity |
| 32 |
| s_quantity |
| 64 |
| s_quantity |
| 88 |
| s_quantity |
| 60 |
| s_quantity |
| 87 |
| s_quantity |
| 43 |
| s_quantity |
| 62 |
| s_quantity |
| 71 |
| d_next_o_id |
| 3009 |
| s_quantity |
| 28 |
| s_quantity |
| 18 |
| s_quantity |
| 5 |
| s_quantity |
| 86 |
| s_quantity |
| 34 |
| s_quantity |
| 63 |
| s_quantity |
| 10 |
| w_ytd |
| 410419.468750 |
| d_ytd |
| 37583.714844 |
| c_balance | c_ytd_payment | c_payment_cnt |
| -10.000000 | 10.000000 | 1 |
| d_next_o_id |
| 3004 |
| s_quantity |
| 56 |
| s_quantity |
| 97 |
| s_quantity |
| 23 |
| s_quantity |
| 51 |
| s_quantity |
| 15 |
| s_quantity |
| 78 |
| s_quantity |
| 33 |
| s_quantity |
| 12 |
| d_next_o_id |
| 3004 |
| s_quantity |
| 49 |
| s_quantity |
| 83 |
| s_quantity |
| 96 |
| s_quantity |
| 88 |
| s_quantity |
| 34 |
| s_quantity |
| 78 |
| s_quantity |
| 49 |
| s_quantity |
| 70 |
| s_quantity |
| 95 |
| s_quantity |
| 77 |
| s_quantity |
| 51 |
| s_quantity |
| 34 |
| s_quantity |
| 23 |
| s_quantity |
| 71 |
| w_ytd |
| 411305.812500 |
| d_ytd |
| 36760.523438 |
| c_balance | c_ytd_payment | c_payment_cnt |
| -10.000000 | 10.000000 | 1 |
| w_ytd |
| 413298.843750 |
| d_ytd |
| 34822.515625 |
| c_balance | c_ytd_payment | c_payment_cnt |
| -10.000000 | 10.000000 | 1 |
| d_next_o_id |
| 3005 |
| s_quantity |
| 66 |
| s_quantity |
| 73 |
| s_quantity |
| 70 |
| s_quantity |
| 96 |
| s_quantity |
| 76 |
| s_quantity |
| 12 |
| s_quantity |
| 40 |
| s_quantity |
| 91 |
| s_quantity |
| 69 |
| s_quantity |
| 52 |
| d_next_o_id |
| 3007 |
| s_quantity |
| 33 |
| s_quantity |
| 89 |
| s_quantity |
| 8 |
| s_quantity |
| 72 |
| s_quantity |
| 12 |
| s_quantity |
| 5 |
| s_quantity |
| 13 |
| s_quantity |
| 96 |
| d_next_o_id |
| 3004 |
| s_quantity |
| 18 |
| s_quantity |
| 17 |
| s_quantity |
| 63 |
| s_quantity |
| 36 |
| s_quantity |
| 8 |
| s_quantity |
| 60 |
| s_quantity |
| 45 |
| s_quantity |
| 60 |
| s_quantity |
| 74 |
| s_quantity |
| 5 |
| s_quantity |
| 35 |
| s_quantity |
| 22 |
| s_quantity |
| 79 |
| s_quantity |
| 82 |
| s_quantity |
| 82 |
| w_ytd |
| 413909.812500 |
| d_ytd |
| 45523.957031 |
| c_balance | c_ytd_payment | c_payment_cnt |
| -10.000000 | 10.000000 | 1 |
| d_next_o_id |
| 3008 |
| s_quantity |
| 89 |
| s_quantity |
| 21 |
| s_quantity |
| 21 |
| s_quantity |
| 88 |
| s_quantity |
| 100 |
| s_quantity |
| 18 |
| s_quantity |
| 61 |
| w_ytd |
| 414213.093750 |
| d_ytd |
| 38753.566406 |
| c_balance | c_ytd_payment | c_payment_cnt |
| -10.000000 | 10.000000 | 1 |
| w_ytd |
| 415697.437500 |
| d_ytd |
| 38470.046875 |
| c_balance | c_ytd_payment | c_payment_cnt |
| -10.000000 | 10.000000 | 1 |
| d_next_o_id |
| 3006 |
| s_quantity |
| 32 |
| s_quantity |
| 77 |
| s_quantity |
| 63 |
| s_quantity |
| 49 |
| s_quantity |
| 65 |
| s_quantity |
| 99 |
| s_quantity |
| 78 |
| s_quantity |
| 31 |
| s_quantity |
| 38 |
| s_quantity |
| 70 |
| s_quantity |
| 24 |
| s_quantity |
| 21 |
| s_quantity |
| 24 |
| d_next_o_id |
| 3009 |
| s_quantity |
| 58 |
| s_quantity |
| 11 |
| s_quantity |
| 45 |
| s_quantity |
| 68 |
| s_quantity |
| 88 |
| s_quantity |
| 44 |
| d_next_o_id |
| 3007 |
| s_quantity |
| 29 |
| s_quantity |
| 59 |
| s_quantity |
| 48 |
| s_quantity |
| 13 |
| s_quantity |
| 26 |
| s_quantity |
| 80 |
| s_quantity |
| 61 |
| s_quantity |
| 18 |
| s_quantity |
| 21 |
| w_ytd |
| 419124.281250 |
| d_ytd |
| 40237.910156 |
| c_balance | c_ytd_payment | c_payment_cnt |
| -10.000000 | 10.000000 | 1 |
| w_ytd |
| 419138.781250 |
| d_ytd |
| 46076.425781 |
| c_balance | c_ytd_payment | c_payment_cnt |
| -2223.189453 | 2223.189453 | 2 |
| w_ytd |
| 421303.250000 |
| d_ytd |
| 34352.121094 |
| c_balance | c_ytd_payment | c_payment_cnt |
| -10.000000 | 10.000000 | 1 |
| w_ytd |
| 424926.343750 |
| d_ytd |
| 41896.890625 |
| c_balance | c_ytd_payment | c_payment_cnt |
| -10.000000 | 10.000000 | 1 |
| w_ytd |
| 427545.437500 |
| d_ytd |
| 43736.289062 |
| c_balance | c_ytd_payment | c_payment_cnt |
| -10.000000 | 10.000000 | 1 |
| d_next_o_id |
| 3010 |
| s_quantity |
| 59 |
| s_quantity |
| 55 |
| s_quantity |
| 44 |
| s_quantity |
| 58 |
| s_quantity |
| 90 |
| s_quantity |
| 85 |
| s_quantity |
| 73 |
| d_next_o_id |
| 3010 |
| s_quantity |
| 57 |
| s_quantity |
| 35 |
| s_quantity |
| 15 |
| s_quantity |
| 44 |
| s_quantity |
| 96 |
| s_quantity |
| 42 |
| s_quantity |
| 50 |
| s_quantity |
| 23 |
| s_quantity |
| 82 |
| s_quantity |
| 97 |
| s_quantity |
| 66 |
| s_quantity |
| 38 |
| s_quantity |
| 57 |
| w_ytd |
| 428213.406250 |
| d_ytd |
| 37975.210938 |
| c_balance | c_ytd_payment | c_payment_cnt |
| -10.000000 | 10.000000 | 1 |
| c_balance | c_first | c_last |
| -10.000000 | hpvbqnck | BAROUGHTABLE |
| o_id | o_carrier_id | o_ol_cnt |
| 1 | 1 | 5 |
| 2 | 2 | 6 |
| 3 | 5 | 12 |
| 4 | 1 | 11 |
| 5 | 9 | 15 |
| 6 | 3 | 13 |
| 7 | 10 | 14 |
| 8 | 8 | 5 |
| 9 | 7 | 6 |
| 10 | 1 | 13 |
| 11 | 7 | 14 |
| 12 | 7 | 10 |
| 13 | 9 | 13 |
| 14 | 1 | 9 |
| 15 | 6 | 8 |
| 16 | 1 | 14 |
| 17 | 8 | 8 |
| 18 | 3 | 5 |
| 19 | 6 | 6 |
| 20 | 6 | 7 |
| 21 | 2 | 8 |
| 22 | 0 | 11 |
| 23 | 0 | 15 |
| 24 | 0 | 8 |
| 25 | 0 | 7 |
| 26 | 0 | 14 |
| 27 | 0 | 12 |
| 28 | 0 | 8 |
| 29 | 0 | 15 |
| 30 | 0 | 11 |
| 3001 | 0 | 13 |
| w_ytd |
| 431694.656250 |
| d_ytd |
| 41456.453125 |
| c_balance | c_ytd_payment | c_payment_cnt |
| -294.474609 | 294.474609 | 2 |
| w_ytd |
| 432207.500000 |
| d_ytd |
| 48240.898438 |
| c_balance | c_ytd_payment | c_payment_cnt |
| -1831.688232 | 1831.688232 | 2 |
| w_ytd |
| 435730.062500 |
| d_ytd |
| 35433.468750 |
| c_balance | c_ytd_payment | c_payment_cnt |
| -10.000000 | 10.000000 | 1 |
| d_next_o_id |
| 3008 |
| s_quantity |
| 51 |
| s_quantity |
| 59 |
| s_quantity |
| 50 |
| s_quantity |
| 83 |
| s_quantity |
| 10 |
| s_quantity |
| 84 |
| w_ytd |
| 440125.000000 |
| d_ytd |
| 39828.410156 |
| c_balance | c_ytd_payment | c_payment_cnt |
| -10.000000 | 10.000000 | 1 |
| d_next_o_id |
| 3002 |
| s_quantity |
| 100 |
| s_quantity |
| 78 |
| s_quantity |
| 13 |
| s_quantity |
| 36 |
| s_quantity |
| 94 |
| s_quantity |
| 13 |
| s_quantity |
| 41 |
| s_quantity |
| 10 |
| s_quantity |
| 67 |
| s_quantity |
| 13 |
| s_quantity |
| 86 |
| s_quantity |
| 16 |
| s_quantity |
| 40 |
| s_quantity |
| 43 |
| d_next_o_id |
| 3004 |
| s_quantity |
| 56 |
| s_quantity |
| 53 |
| s_quantity |
| 51 |
| s_quantity |
| 17 |
| s_quantity |
| 43 |
| s_quantity |
| 83 |
| s_quantity |
| 74 |
| s_quantity |
| 60 |
| s_quantity |
| 41 |
| s_quantity |
| 34 |
| s_quantity |
| 41 |
| s_quantity |
| 72 |
| w_ytd |
| 441447.875000 |
| d_ytd |
| 44515.968750 |
| c_balance | c_ytd_payment | c_payment_cnt |
| -10.000000 | 10.000000 | 1 |
| no_o_id |
| 22 |
| 23 |
| 24 |
| 25 |
| 26 |
| 27 |
| 28 |
| 29 |
| 30 |
| 3001 |
| 3002 |
| no_o_id |
| 22 |
| 23 |
| 24 |
| 25 |
| 26 |
| 27 |
| 28 |
| 29 |
| 30 |
| 3001 |
| 3002 |
| 3003 |
| 3004 |
| 3005 |
| 3006 |
| 3007 |
| 3008 |
| 3009 |
| 3010 |
| no_o_id |
| 22 |
| 23 |
| 24 |
| 25 |
| 26 |
| 27 |
| 28 |
| 29 |
| 30 |
| 3001 |
| 3002 |
| no_o_id |
| 22 |
| 23 |
| 24 |
| 25 |
| 26 |
| 27 |
| 28 |
| 29 |
| 30 |
| 3001 |
| 3002 |
| 3003 |
| 3004 |
| no_o_id |
| 22 |
| 23 |
| 24 |
| 25 |
| 26 |
| 27 |
| 28 |
| 29 |
| 30 |
| 3001 |
| 3002 |
| 3003 |
| 3004 |
| 3005 |
| no_o_id |
| 22 |
| 23 |
| 24 |
| 25 |
| 26 |
| 27 |
| 28 |
| 29 |
| 30 |
| 3001 |
| 3002 |
| 3003 |
| 3004 |
| 3005 |
| 3006 |
| 3007 |
| 3008 |
| 3009 |
| 3010 |
| no_o_id |
| 22 |
| 23 |
| 24 |
| 25 |
| 26 |
| 27 |
| 28 |
| 29 |
| 30 |
| 3001 |
| 3002 |
| 3003 |
| 3004 |
| no_o_id |
| 22 |
| 23 |
| 24 |
| 25 |
| 26 |
| 27 |
| 28 |
| 29 |
| 30 |
| 3001 |
| 3002 |
| 3003 |
| 3004 |
| 3005 |
| no_o_id |
| 22 |
| 23 |
| 24 |
| 25 |
| 26 |
| 27 |
| 28 |
| 29 |
| 30 |
| 3001 |
| 3002 |
| 3003 |
| 3004 |
| no_o_id |
| 22 |
| 23 |
| 24 |
| 25 |
| 26 |
| 27 |
| 28 |
| 29 |
| 30 |
| 3001 |
| 3002 |
| 3003 |
| 3004 |
| 3005 |
| 3006 |
| 3007 |
| 3008 |
| w_ytd |
| 442210.031250 |
| d_ytd |
| 51763.457031 |
| c_balance | c_ytd_payment | c_payment_cnt |
| -10.000000 | 10.000000 | 1 |
| w_ytd |
| 445527.500000 |
| d_ytd |
| 45827.250000 |
| c_balance | c_ytd_payment | c_payment_cnt |
| -2273.494629 | 2273.494629 | 2 |
| w_ytd |
| 447104.093750 |
| d_ytd |
| 55080.921875 |
| c_balance | c_ytd_payment | c_payment_cnt |
| -10.000000 | 10.000000 | 1 |
| w_ytd |
| 448907.843750 |
| d_ytd |
| 40252.394531 |
| c_balance | c_ytd_payment | c_payment_cnt |
| -10.000000 | 10.000000 | 1 |
| w_ytd |
| 452014.468750 |
| d_ytd |
| 45278.117188 |
| c_balance | c_ytd_payment | c_payment_cnt |
| -10.000000 | 10.000000 | 1 |
| w_ytd |
| 454595.125000 |
| d_ytd |
| 44404.261719 |
| c_balance | c_ytd_payment | c_payment_cnt |
| -10.000000 | 10.000000 | 1 |
| d_next_o_id |
| 3003 |
| s_quantity |
| 41 |
| s_quantity |
| 85 |
| s_quantity |
| 89 |
| s_quantity |
| 40 |
| s_quantity |
| 20 |
| s_quantity |
| 71 |
| s_quantity |
| 28 |
| s_quantity |
| 82 |
| s_quantity |
| 43 |
| s_quantity |
| 92 |
| s_quantity |
| 77 |
| s_quantity |
| 97 |
| d_next_o_id |
| 3005 |
| s_quantity |
| 89 |
| s_quantity |
| 22 |
| s_quantity |
| 67 |
| s_quantity |
| 19 |
| s_quantity |
| 31 |
| s_quantity |
| 79 |
| s_quantity |
| 35 |
| s_quantity |
| 16 |
| s_quantity |
| 7 |
| s_quantity |
| 8 |
| s_quantity |
| 36 |
| s_quantity |
| 76 |
| s_quantity |
| 78 |
| d_next_o_id |
| 3009 |
| s_quantity |
| 32 |
| s_quantity |
| 79 |
| s_quantity |
| 49 |
| s_quantity |
| 29 |
| s_quantity |
| 9 |
| s_quantity |
| 83 |
| s_quantity |
| 65 |
| s_quantity |
| 46 |
| w_ytd |
| 456365.562500 |
| d_ytd |
| 49275.453125 |
| c_balance | c_ytd_payment | c_payment_cnt |
| -10.000000 | 10.000000 | 1 |
| d_next_o_id |
| 3011 |
| s_quantity |
| 77 |
| s_quantity |
| 37 |
| s_quantity |
| 100 |
| s_quantity |
| 18 |
| s_quantity |
| 75 |
| s_quantity |
| 64 |
| s_quantity |
| 83 |
| s_quantity |
| 45 |
| s_quantity |
| 88 |
| d_next_o_id |
| 3012 |
| s_quantity |
| 96 |
| s_quantity |
| 35 |
| s_quantity |
| 38 |
| s_quantity |
| 9 |
| s_quantity |
| 91 |
| s_quantity |
| 84 |
| s_quantity |
| 38 |
| s_quantity |
| 46 |
| s_quantity |
| 17 |
| w_ytd |
| 460914.375000 |
| d_ytd |
| 47403.828125 |
| c_balance | c_ytd_payment | c_payment_cnt |
| -10.000000 | 10.000000 | 1 |
| w_ytd |
| 463751.062500 |
| d_ytd |
| 56884.675781 |
| c_balance | c_ytd_payment | c_payment_cnt |
| -10.000000 | 10.000000 | 1 |
| d_next_o_id |
| 3006 |
| s_quantity |
| 31 |
| s_quantity |
| 36 |
| s_quantity |
| 88 |
| s_quantity |
| 92 |
| s_quantity |
| 44 |
| s_quantity |
| 52 |
| s_quantity |
| 42 |
| c_balance | c_first | c_last |
| -10.000000 | zjdsoaww | BARABLEEING |
| o_id | o_carrier_id | o_ol_cnt |
| 1 | 6 | 11 |
| 2 | 4 | 7 |
| 3 | 2 | 13 |
| 4 | 2 | 10 |
| 5 | 9 | 9 |
| 6 | 6 | 10 |
| 7 | 10 | 12 |
| 8 | 2 | 12 |
| 9 | 10 | 9 |
| 10 | 2 | 10 |
| 11 | 7 | 15 |
| 12 | 9 | 13 |
| 13 | 2 | 5 |
| 14 | 1 | 6 |
| 15 | 1 | 5 |
| 16 | 10 | 9 |
| 17 | 7 | 14 |
| 18 | 2 | 15 |
| 19 | 9 | 6 |
| 20 | 2 | 13 |
| 21 | 2 | 8 |
| 22 | 1 | 6 |
| 23 | 0 | 6 |
| 24 | 0 | 11 |
| 25 | 0 | 13 |
| 26 | 0 | 11 |
| 27 | 0 | 7 |
| 28 | 0 | 11 |
| 29 | 0 | 8 |
| 30 | 0 | 7 |
| 3001 | 0 | 13 |
| 3002 | 0 | 12 |
| 3003 | 0 | 11 |
| 3004 | 0 | 8 |
| 3005 | 0 | 10 |
| 3006 | 0 | 14 |
| 3007 | 0 | 8 |
| 3008 | 0 | 7 |
| 3009 | 0 | 6 |
| 3010 | 0 | 13 |
| 3011 | 0 | 9 |
| 3012 | 0 | 9 |
| no_o_id |
| 23 |
| 24 |
| 25 |
| 26 |
| 27 |
| 28 |
| 29 |
| 30 |
| 3001 |
| 3002 |
| 3003 |
| no_o_id |
| 23 |
| 24 |
| 25 |
| 26 |
| 27 |
| 28 |
| 29 |
| 30 |
| 3001 |
| 3002 |
| 3003 |
| 3004 |
| 3005 |
| 3006 |
| 3007 |
| 3008 |
| 3009 |
| 3010 |
| no_o_id |
| 23 |
| 24 |
| 25 |
| 26 |
| 27 |
| 28 |
| 29 |
| 30 |
| 3001 |
| 3002 |
| no_o_id |
| 23 |
| 24 |
| 25 |
| 26 |
| 27 |
| 28 |
| 29 |
| 30 |
| 3001 |
| 3002 |
| 3003 |
| 3004 |
| 3005 |
| no_o_id |
| 23 |
| 24 |
| 25 |
| 26 |
| 27 |
| 28 |
| 29 |
| 30 |
| 3001 |
| 3002 |
| 3003 |
| 3004 |
| 3005 |
| 3006 |
| no_o_id |
| 23 |
| 24 |
| 25 |
| 26 |
| 27 |
| 28 |
| 29 |
| 30 |
| 3001 |
| 3002 |
| 3003 |
| 3004 |
| 3005 |
| 3006 |
| 3007 |
| 3008 |
| 3009 |
| 3010 |
| 3011 |
| 3012 |
| no_o_id |
| 23 |
| 24 |
| 25 |
| 26 |
| 27 |
| 28 |
| 29 |
| 30 |
| 3001 |
| 3002 |
| 3003 |
| 3004 |
| no_o_id |
| 23 |
| 24 |
| 25 |
| 26 |
| 27 |
| 28 |
| 29 |
| 30 |
| 3001 |
| 3002 |
| 3003 |
| 3004 |
| 3005 |
| no_o_id |
| 23 |
| 24 |
| 25 |
| 26 |
| 27 |
| 28 |
| 29 |
| 30 |
| 3001 |
| 3002 |
| 3003 |
| 3004 |
| no_o_id |
| 23 |
| 24 |
| 25 |
| 26 |
| 27 |
| 28 |
| 29 |
| 30 |
| 3001 |
| 3002 |
| 3003 |
| 3004 |
| 3005 |
| 3006 |
| 3007 |
| 3008 |
| 3009 |
| w_ytd |
| 468597.750000 |
| d_ytd |
| 47858.761719 |
| c_balance | c_ytd_payment | c_payment_cnt |
| -10.000000 | 10.000000 | 1 |
| d_next_o_id |
| 3006 |
| s_quantity |
| 28 |
| s_quantity |
| 39 |
| s_quantity |
| 93 |
| s_quantity |
| 52 |
| s_quantity |
| 37 |
| s_quantity |
| 99 |
| w_ytd |
| 470885.750000 |
| d_ytd |
| 53824.281250 |
| c_balance | c_ytd_payment | c_payment_cnt |
| -4028.001709 | 4028.001709 | 2 |
| d_next_o_id |
| 3013 |
| s_quantity |
| 7 |
| s_quantity |
| 59 |
| s_quantity |
| 92 |
| s_quantity |
| 84 |
| s_quantity |
| 27 |
| s_quantity |
| 63 |
| s_quantity |
| 26 |
| s_quantity |
| 80 |
| s_quantity |
| 26 |
| s_quantity |
| 25 |
| s_quantity |
| 57 |
| s_quantity |
| 59 |
| s_quantity |
| 39 |
| w_ytd |
| 472041.406250 |
| d_ytd |
| 43359.027344 |
| c_balance | c_ytd_payment | c_payment_cnt |
| -10.000000 | 10.000000 | 1 |
| w_ytd |
| 472363.156250 |
| d_ytd |
| 46174.714844 |
| c_balance | c_ytd_payment | c_payment_cnt |
| -10.000000 | 10.000000 | 1 |
| d_next_o_id |
| 3004 |
| s_quantity |
| 92 |
| s_quantity |
| 23 |
| s_quantity |
| 62 |
| s_quantity |
| 32 |
| s_quantity |
| 11 |
| s_quantity |
| 48 |
| s_quantity |
| 69 |
| s_quantity |
| 52 |
| s_quantity |
| 85 |
| s_quantity |
| 41 |
| s_quantity |
| 36 |
| s_quantity |
| 83 |
| s_quantity |
| 13 |
| s_quantity |
| 50 |
| d_next_o_id |
| 3014 |
| s_quantity |
| 26 |
| s_quantity |
| 15 |
| s_quantity |
| 14 |
| s_quantity |
| 16 |
| s_quantity |
| 47 |
| s_quantity |
| 15 |
| s_quantity |
| 16 |
| s_quantity |
| 72 |
| s_quantity |
| 53 |
| d_next_o_id |
| 3011 |
| s_quantity |
| 29 |
| s_quantity |
| 53 |
| s_quantity |
| 65 |
| s_quantity |
| 44 |
| s_quantity |
| 61 |
| s_quantity |
| 61 |
| s_quantity |
| 76 |
| s_quantity |
| 46 |
| s_quantity |
| 34 |
| s_quantity |
| 66 |
| w_ytd |
| 473258.906250 |
| d_ytd |
| 61731.363281 |
| c_balance | c_ytd_payment | c_payment_cnt |
| -10.000000 | 10.000000 | 1 |
| w_ytd |
| 476779.718750 |
| d_ytd |
| 54979.945312 |
| c_balance | c_ytd_payment | c_payment_cnt |
| -4558.827637 | 4558.827637 | 2 |
| d_next_o_id |
| 3015 |
| s_quantity |
| 28 |
| s_quantity |
| 75 |
| s_quantity |
| 20 |
| s_quantity |
| 37 |
| s_quantity |
| 86 |
| s_quantity |
| 98 |
| s_quantity |
| 58 |
| s_quantity |
| 77 |
| s_quantity |
| 32 |
| s_quantity |
| 86 |
| w_ytd |
| 477083.531250 |
| d_ytd |
| 41151.285156 |
| c_balance | c_ytd_payment | c_payment_cnt |
| -2950.037842 | 2950.037842 | 2 |
| w_ytd |
| 481736.375000 |
| d_ytd |
| 43680.781250 |
| c_balance | c_ytd_payment | c_payment_cnt |
| -10.000000 | 10.000000 | 1 |
| w_ytd |
| 484898.156250 |
| d_ytd |
| 39970.468750 |
| c_balance | c_ytd_payment | c_payment_cnt |
| -10.000000 | 10.000000 | 1 |
| d_next_o_id |
| 3003 |
| s_quantity |
| 77 |
| s_quantity |
| 68 |
| s_quantity |
| 80 |
| s_quantity |
| 5 |
| s_quantity |
| 50 |
| s_quantity |
| 41 |
| s_quantity |
| 46 |
| s_quantity |
| 15 |
| s_quantity |
| 81 |
| s_quantity |
| 75 |
| s_quantity |
| 48 |
| s_quantity |
| 78 |
| d_next_o_id |
| 3004 |
| s_quantity |
| 10 |
| s_quantity |
| 31 |
| s_quantity |
| 61 |
| s_quantity |
| 87 |
| s_quantity |
| 68 |
| s_quantity |
| 83 |
| s_quantity |
| 79 |
| s_quantity |
| 40 |
| s_quantity |
| 81 |
| s_quantity |
| 84 |
| s_quantity |
| 81 |
| s_quantity |
| 44 |
| s_quantity |
| 28 |
| w_ytd |
| 485561.125000 |
| d_ytd |
| 42317.953125 |
| c_balance | c_ytd_payment | c_payment_cnt |
| -10.000000 | 10.000000 | 1 |
| w_ytd |
| 488974.937500 |
| d_ytd |
| 41969.289062 |
| c_balance | c_ytd_payment | c_payment_cnt |
| -10.000000 | 10.000000 | 1 |
| w_ytd |
| 493142.843750 |
| d_ytd |
| 46137.195312 |
| c_balance | c_ytd_payment | c_payment_cnt |
| -10.000000 | 10.000000 | 1 |
| w_ytd |
| 494194.625000 |
| d_ytd |
| 46842.562500 |
| c_balance | c_ytd_payment | c_payment_cnt |
| -3296.396973 | 3296.396973 | 2 |
| w_ytd |
| 494227.187500 |
| d_ytd |
| 47070.476562 |
| c_balance | c_ytd_payment | c_payment_cnt |
| -10.000000 | 10.000000 | 1 |
| w_ytd |
| 496744.687500 |
| d_ytd |
| 65252.171875 |
| c_balance | c_ytd_payment | c_payment_cnt |
| -4295.359863 | 4295.359863 | 2 |
| w_ytd |
| 501419.718750 |
| d_ytd |
| 50240.519531 |
| c_balance | c_ytd_payment | c_payment_cnt |
| -10.000000 | 10.000000 | 1 |
| w_ytd |
| 501936.500000 |
| d_ytd |
| 50757.300781 |
| c_balance | c_ytd_payment | c_payment_cnt |
| -1554.412842 | 1554.412842 | 2 |
| w_ytd |
| 504189.968750 |
| d_ytd |
| 45804.128906 |
| c_balance | c_ytd_payment | c_payment_cnt |
| -1676.115601 | 1676.115601 | 2 |
| d_next_o_id |
| 3010 |
| s_quantity |
| 95 |
| s_quantity |
| 63 |
| s_quantity |
| 38 |
| s_quantity |
| 47 |
| s_quantity |
| 72 |
| s_quantity |
| 81 |
| w_ytd |
| 506265.000000 |
| d_ytd |
| 50146.753906 |
| c_balance | c_ytd_payment | c_payment_cnt |
| -1261.583374 | 1261.583374 | 2 |
| w_ytd |
| 507594.750000 |
| d_ytd |
| 55283.753906 |
| c_balance | c_ytd_payment | c_payment_cnt |
| -1938.617065 | 1938.617065 | 2 |
| d_next_o_id |
| 3011 |
| s_quantity |
| 60 |
| s_quantity |
| 51 |
| s_quantity |
| 55 |
| s_quantity |
| 54 |
| s_quantity |
| 65 |
| s_quantity |
| 14 |
| s_quantity |
| 67 |
| s_quantity |
| 27 |
| s_quantity |
| 69 |
| s_quantity |
| 65 |
| s_quantity |
| 57 |
| s_quantity |
| 10 |
| s_quantity |
| 78 |
| d_next_o_id |
| 3005 |
| s_quantity |
| 78 |
| s_quantity |
| 5 |
| s_quantity |
| 86 |
| s_quantity |
| 17 |
| s_quantity |
| 61 |
| s_quantity |
| 27 |
| s_quantity |
| 72 |
| s_quantity |
| 59 |
| s_quantity |
| 78 |
| c_balance | c_first | c_last |
| -10.000000 | rlsizrzxefqoj | BARABLEOUGHT |
| o_id | o_carrier_id | o_ol_cnt |
| 1 | 1 | 5 |
| 2 | 2 | 6 |
| 3 | 5 | 12 |
| 4 | 1 | 11 |
| 5 | 9 | 15 |
| 6 | 3 | 13 |
| 7 | 10 | 14 |
| 8 | 8 | 5 |
| 9 | 7 | 6 |
| 10 | 1 | 13 |
| 11 | 7 | 14 |
| 12 | 7 | 10 |
| 13 | 9 | 13 |
| 14 | 1 | 9 |
| 15 | 6 | 8 |
| 16 | 1 | 14 |
| 17 | 8 | 8 |
| 18 | 3 | 5 |
| 19 | 6 | 6 |
| 20 | 6 | 7 |
| 21 | 2 | 8 |
| 22 | 1 | 11 |
| 23 | 5 | 15 |
| 24 | 0 | 8 |
| 25 | 0 | 7 |
| 26 | 0 | 14 |
| 27 | 0 | 12 |
| 28 | 0 | 8 |
| 29 | 0 | 15 |
| 30 | 0 | 11 |
| 3001 | 0 | 13 |
| 3002 | 0 | 14 |
| 3003 | 0 | 12 |
| 3004 | 0 | 13 |
| 3005 | 0 | 9 |
| w_ytd |
| 509941.156250 |
| d_ytd |
| 47879.156250 |
| c_balance | c_ytd_payment | c_payment_cnt |
| -10.000000 | 10.000000 | 1 |
| no_o_id |
| 24 |
| 25 |
| 26 |
| 27 |
| 28 |
| 29 |
| 30 |
| 3001 |
| 3002 |
| 3003 |
| 3004 |
| no_o_id |
| 24 |
| 25 |
| 26 |
| 27 |
| 28 |
| 29 |
| 30 |
| 3001 |
| 3002 |
| 3003 |
| 3004 |
| 3005 |
| 3006 |
| 3007 |
| 3008 |
| 3009 |
| 3010 |
| 3011 |
| no_o_id |
| 24 |
| 25 |
| 26 |
| 27 |
| 28 |
| 29 |
| 30 |
| 3001 |
| 3002 |
| 3003 |
| 3004 |
| 3005 |
| no_o_id |
| 24 |
| 25 |
| 26 |
| 27 |
| 28 |
| 29 |
| 30 |
| 3001 |
| 3002 |
| 3003 |
| 3004 |
| 3005 |
| no_o_id |
| 24 |
| 25 |
| 26 |
| 27 |
| 28 |
| 29 |
| 30 |
| 3001 |
| 3002 |
| 3003 |
| 3004 |
| 3005 |
| 3006 |
| no_o_id |
| 24 |
| 25 |
| 26 |
| 27 |
| 28 |
| 29 |
| 30 |
| 3001 |
| 3002 |
| 3003 |
| 3004 |
| 3005 |
| 3006 |
| 3007 |
| 3008 |
| 3009 |
| 3010 |
| 3011 |
| 3012 |
| 3013 |
| 3014 |
| 3015 |
| no_o_id |
| 24 |
| 25 |
| 26 |
| 27 |
| 28 |
| 29 |
| 30 |
| 3001 |
| 3002 |
| 3003 |
| 3004 |
| no_o_id |
| 24 |
| 25 |
| 26 |
| 27 |
| 28 |
| 29 |
| 30 |
| 3001 |
| 3002 |
| 3003 |
| 3004 |
| 3005 |
| 3006 |
| no_o_id |
| 24 |
| 25 |
| 26 |
| 27 |
| 28 |
| 29 |
| 30 |
| 3001 |
| 3002 |
| 3003 |
| 3004 |
| no_o_id |
| 24 |
| 25 |
| 26 |
| 27 |
| 28 |
| 29 |
| 30 |
| 3001 |
| 3002 |
| 3003 |
| 3004 |
| 3005 |
| 3006 |
| 3007 |
| 3008 |
| 3009 |
| 3010 |
| 3011 |
| w_ytd |
| 510420.031250 |
| d_ytd |
| 48358.027344 |
| c_balance | c_ytd_payment | c_payment_cnt |
| -10.000000 | 10.000000 | 1 |
| d_next_o_id |
| 3012 |
| s_quantity |
| 62 |
| s_quantity |
| 30 |
| s_quantity |
| 24 |
| s_quantity |
| 22 |
| s_quantity |
| 86 |
| s_quantity |
| 45 |
| s_quantity |
| 73 |
| s_quantity |
| 47 |
| s_quantity |
| 95 |
| s_quantity |
| 64 |
| s_quantity |
| 29 |
| s_quantity |
| 56 |
| s_quantity |
| 60 |
| s_quantity |
| 41 |
| w_ytd |
| 513340.531250 |
| d_ytd |
| 57630.148438 |
| c_balance | c_ytd_payment | c_payment_cnt |
| -10.000000 | 10.000000 | 1 |
| w_ytd |
| 516042.656250 |
| d_ytd |
| 51476.503906 |
| c_balance | c_ytd_payment | c_payment_cnt |
| -2591.334961 | 2591.334961 | 3 |
| d_next_o_id |
| 3005 |
| s_quantity |
| 69 |
| s_quantity |
| 13 |
| s_quantity |
| 73 |
| s_quantity |
| 67 |
| s_quantity |
| 19 |
| s_quantity |
| 41 |
| s_quantity |
| 42 |
| s_quantity |
| 42 |
| s_quantity |
| 59 |
| s_quantity |
| 56 |
| s_quantity |
| 61 |
| s_quantity |
| 93 |
| d_next_o_id |
| 3013 |
| s_quantity |
| 63 |
| s_quantity |
| 86 |
| s_quantity |
| 99 |
| s_quantity |
| 41 |
| s_quantity |
| 96 |
| s_quantity |
| 18 |
| s_quantity |
| 27 |
| s_quantity |
| 33 |
| s_quantity |
| 77 |
| s_quantity |
| 23 |
| s_quantity |
| 96 |
| s_quantity |
| 47 |
| s_quantity |
| 72 |
| s_quantity |
| 96 |
| s_quantity |
| 100 |
| d_next_o_id |
| 3007 |
| s_quantity |
| 60 |
| s_quantity |
| 47 |
| s_quantity |
| 24 |
| s_quantity |
| 10 |
| s_quantity |
| 42 |
| s_quantity |
| 84 |
| s_quantity |
| 66 |
| s_quantity |
| 71 |
| s_quantity |
| 55 |
| s_quantity |
| 38 |
| s_quantity |
| 74 |
| s_quantity |
| 11 |
| s_quantity |
| 24 |
| s_quantity |
| 72 |
| s_quantity |
| 40 |
| d_next_o_id |
| 3005 |
| s_quantity |
| 84 |
| s_quantity |
| 69 |
| s_quantity |
| 40 |
| s_quantity |
| 37 |
| s_quantity |
| 43 |
| s_quantity |
| 69 |
| s_quantity |
| 65 |
| s_quantity |
| 21 |
| s_quantity |
| 70 |
| w_ytd |
| 516686.843750 |
| d_ytd |
| 60332.273438 |
| c_balance | c_ytd_payment | c_payment_cnt |
| -10.000000 | 10.000000 | 1 |
| w_ytd |
| 517485.937500 |
| d_ytd |
| 52120.691406 |
| c_balance | c_ytd_payment | c_payment_cnt |
| -10.000000 | 10.000000 | 1 |
| d_next_o_id |
| 3006 |
| s_quantity |
| 87 |
| 42 |
| 100 |
| 41 |
| 13 |
| 72 |
| 48 |
| 21 |
| 86 |
| 91 |
| 77 |
| 35 |
| 87 |
| 86 |
| 94 |
| 42 |
| 30 |
| 39 |
| 12 |
| 42 |
| 74 |
| 12 |
| 83 |
| 83 |
| 42 |
| 36 |
| 44 |
| 62 |
| 54 |
| 26 |
| 79 |
| 18 |
| 56 |
| 17 |
| 91 |
| 73 |
| 19 |
| 11 |
| 82 |
| 70 |
| 38 |
| 64 |
| 31 |
| 68 |
| 23 |
| 92 |
| 11 |
| 21 |
| 20 |
| 70 |
| 79 |
| 83 |
| 44 |
| 84 |
| 32 |
| 89 |
| 45 |
| 5 |
| 16 |
| 72 |
| 37 |
| 23 |
| 54 |
| 68 |
| 46 |
| 97 |
| 40 |
| 91 |
| 35 |
| 91 |
| 58 |
| 91 |
| 66 |
| 64 |
| 69 |
| 8 |
| 72 |
| 23 |
| 31 |
| 24 |
| 95 |
| 12 |
| 83 |
| 55 |
| 52 |
| 89 |
| 19 |
| 14 |
| 32 |
| 85 |
| 69 |
| 59 |
| 10 |
| 22 |
| 35 |
| 50 |
| 33 |
| 92 |
| 62 |
| 71 |
| 68 |
| 44 |
| 35 |
| 76 |
| 32 |
| 27 |
| 74 |
| 83 |
| 48 |
| 62 |
| 96 |
| 6 |
| 27 |
| 76 |
| 58 |
| 33 |
| 40 |
| 13 |
| 18 |
| 98 |
| 49 |
| 23 |
| 7 |
| 48 |
| 70 |
| 10 |
| 90 |
| 83 |
| 47 |
| 60 |
| 97 |
| 51 |
| 78 |
| 63 |
| 63 |
| 41 |
| 38 |
| 84 |
| 89 |
| 33 |
| 85 |
| 78 |
| 92 |
| 23 |
| 99 |
| 56 |
| 66 |
| 67 |
| 76 |
| 67 |
| 80 |
| 56 |
| 24 |
| 71 |
| 76 |
| 39 |
| 50 |
| 91 |
| 9 |
| 54 |
| 95 |
| 100 |
| 34 |
| 24 |
| 91 |
| 27 |
| 95 |
| 84 |
| 5 |
| 90 |
| 94 |
| 83 |
| 64 |
| 17 |
| 90 |
| 82 |
| 79 |
| 17 |
| 98 |
| 80 |
| 27 |
| 90 |
| 79 |
| 44 |
| 86 |
| 77 |
| 85 |
| 80 |
| 13 |
| 5 |
| 62 |
| 37 |
| 34 |
| 15 |
| 37 |
| 66 |
| 16 |
| 38 |
| 85 |
| 88 |
| 91 |
| 88 |
| 68 |
| 59 |
| 9 |
| 81 |
| 29 |
| 36 |
| 67 |
| 77 |
| 100 |
| 96 |
| 72 |
| 17 |
| 38 |
| 16 |
| 29 |
| 97 |
| 71 |
| 77 |
| 87 |
| 36 |
| 66 |
| 64 |
| 73 |
| 71 |
| 5 |
| 44 |
| 81 |
| 58 |
| 56 |
| 33 |
| 21 |
| 37 |
| 51 |
| 40 |
| 86 |
| 37 |
| 80 |
| 85 |
| 83 |
| 72 |
| 34 |
| 73 |
| 8 |
| 25 |
| 54 |
| 57 |
| 95 |
| 40 |
| 73 |
| 24 |
| 13 |
| 82 |
| 41 |
| 43 |
| 93 |
| 78 |
| 60 |
| 27 |
| 90 |
| 60 |
| 18 |
| 63 |
| 44 |
| 66 |
| 42 |
| 80 |
| 76 |
| 99 |
| 86 |
| 64 |
| 34 |
| 27 |
| 56 |
| 12 |
| 23 |
| 57 |
| 17 |
| 94 |
| 42 |
| 75 |
| 31 |
| 64 |
| 28 |
| 11 |
| 98 |
| 56 |
| 92 |
| 64 |
| 31 |
| 73 |
| 29 |
| 50 |
| 76 |
| 46 |
| 15 |
| 75 |
| 52 |
| 71 |
| 38 |
| 5 |
| 76 |
| 48 |
| 77 |
| 55 |
| 54 |
| 91 |
| 49 |
| 40 |
| 88 |
| 78 |
| 95 |
| 73 |
| 21 |
| 50 |
| 54 |
| 18 |
| 66 |
| 29 |
| 58 |
| 73 |
| 36 |
| 33 |
| 39 |
| 27 |
| 61 |
| 27 |
| 84 |
| 68 |
| 13 |
| 64 |
| 30 |
| 16 |
| 47 |
| 55 |
| 49 |
| 5 |
| 81 |
| 75 |
| 76 |
| 65 |
| 37 |
| 53 |
| 17 |
| 19 |
| 45 |
| 58 |
| 91 |
| 16 |
| 24 |
| 41 |
| 93 |
| 70 |
| 43 |
| 37 |
| 21 |
| 61 |
| 32 |
| 13 |
| 29 |
| 19 |
| 6 |
| 83 |
| 69 |
| 38 |
| 96 |
| 29 |
| 54 |
| 27 |
| 26 |
| 100 |
| 29 |
| 81 |
| 33 |
| 49 |
| 95 |
| 88 |
| 42 |
| 36 |
| 68 |
| 83 |
| 47 |
| 91 |
| 74 |
| 32 |
| 39 |
| 65 |
| 66 |
| 44 |
| 65 |
| 16 |
| 62 |
| 31 |
| 77 |
| 90 |
| 30 |
| 61 |
| 13 |
| 62 |
| 99 |
| 32 |
| 33 |
| 94 |
| 39 |
| 23 |
| 94 |
| 41 |
| 54 |
| 61 |
| 82 |
| 75 |
| 42 |
| 56 |
| 77 |
| 35 |
| 68 |
| 72 |
| 42 |
| 34 |
| 66 |
| 88 |
| 42 |
| 92 |
| 62 |
| 46 |
| 26 |
| 86 |
| 71 |
| 10 |
| 11 |
| 89 |
| 8 |
| 71 |
| 89 |
| 69 |
| 17 |
| 40 |
| 42 |
| 73 |
| 91 |
| 43 |
| 73 |
| 56 |
| 15 |
| 58 |
| 74 |
| 21 |
| 81 |
| 54 |
| 70 |
| 30 |
| 64 |
| 97 |
| 96 |
| 58 |
| 83 |
| 64 |
| 26 |
| 20 |
| 11 |
| 95 |
| 49 |
| 77 |
| 61 |
| 79 |
| 91 |
| 67 |
| 8 |
| 14 |
| 62 |
| 95 |
| 41 |
| 92 |
| 7 |
| 84 |
| 88 |
| 75 |
| 74 |
| 12 |
| 37 |
| 25 |
| 19 |
| 88 |
| 45 |
| 50 |
| 60 |
| 98 |
| 10 |
| 57 |
| 54 |
| 88 |
| 34 |
| 27 |
| 74 |
| 23 |
| 46 |
| 82 |
| 20 |
| 97 |
| 62 |
| 75 |
| 27 |
| 67 |
| 95 |
| 56 |
| 19 |
| 76 |
| 85 |
| 76 |
| 68 |
| 67 |
| 56 |
| 58 |
| 92 |
| 60 |
| 75 |
| 51 |
| 57 |
| 33 |
| 20 |
| 31 |
| 37 |
| 82 |
| 61 |
| 90 |
| 39 |
| 23 |
| 22 |
| 41 |
| 12 |
| 82 |
| 28 |
| 51 |
| 8 |
| 86 |
| 26 |
| 16 |
| 43 |
| 46 |
| 83 |
| 69 |
| 14 |
| 32 |
| 30 |
| 16 |
| 91 |
| 47 |
| 61 |
| 15 |
| 93 |
| 54 |
| 14 |
| 87 |
| 6 |
| 84 |
| 23 |
| 31 |
| 93 |
| 61 |
| 33 |
| 67 |
| 33 |
| 30 |
| 83 |
| 58 |
| 44 |
| 81 |
| 56 |
| 81 |
| 57 |
| 97 |
| 81 |
| 15 |
| 12 |
| 15 |
| 30 |
| 59 |
| 57 |
| 80 |
| 50 |
| 55 |
| 45 |
| 15 |
| 93 |
| 26 |
| 48 |
| 87 |
| 12 |
| 92 |
| 7 |
| 73 |
| 48 |
| 67 |
| 46 |
| 81 |
| 27 |
| 80 |
| 49 |
| 29 |
| 83 |
| 16 |
| 83 |
| 82 |
| 35 |
| 83 |
| 32 |
| 28 |
| 64 |
| 69 |
| 16 |
| 30 |
| 24 |
| 78 |
| 50 |
| 31 |
| 47 |
| 5 |
| 52 |
| 96 |
| 45 |
| 28 |
| 73 |
| 13 |
| 48 |
| 82 |
| 81 |
| 16 |
| 68 |
| 67 |
| 98 |
| 11 |
| 52 |
| 61 |
| 97 |
| 42 |
| 32 |
| 35 |
| 45 |
| 55 |
| 79 |
| 52 |
| 82 |
| 81 |
| 36 |
| 55 |
| 37 |
| 72 |
| 13 |
| 54 |
| 22 |
| 11 |
| 36 |
| 76 |
| 48 |
| 53 |
| 50 |
| 10 |
| 51 |
| 57 |
| 47 |
| 40 |
| 76 |
| 84 |
| 67 |
| 21 |
| 44 |
| 99 |
| 35 |
| 90 |
| 13 |
| 12 |
| 64 |
| 46 |
| 34 |
| 8 |
| 13 |
| 42 |
| 22 |
| 49 |
| 70 |
| 75 |
| 65 |
| 36 |
| 31 |
| 91 |
| 34 |
| 79 |
| 29 |
| 55 |
| 68 |
| 52 |
| 56 |
| 12 |
| 83 |
| 98 |
| 55 |
| 53 |
| 28 |
| 12 |
| 76 |
| 73 |
| 99 |
| 93 |
| 36 |
| 72 |
| 96 |
| 9 |
| 10 |
| 95 |
| 41 |
| 60 |
| 78 |
| 73 |
| 37 |
| 67 |
| 91 |
| 37 |
| 8 |
| 38 |
| 67 |
| 95 |
| 50 |
| 85 |
| 18 |
| 23 |
| 46 |
| 90 |
| 16 |
| 46 |
| 23 |
| 20 |
| 24 |
| 52 |
| 13 |
| 74 |
| 79 |
| 31 |
| 57 |
| 88 |
| 67 |
| 83 |
| 36 |
| 68 |
| 18 |
| 42 |
| 36 |
| 52 |
| 56 |
| 43 |
| 12 |
| 54 |
| 38 |
| 64 |
| 99 |
| 80 |
| 23 |
| 90 |
| 11 |
| 73 |
| 61 |
| 87 |
| 25 |
| 53 |
| 25 |
| 80 |
| 86 |
| 38 |
| 6 |
| 6 |
| 93 |
| 41 |
| 35 |
| 30 |
| 34 |
| 24 |
| 13 |
| 83 |
| 92 |
| 72 |
| 7 |
| 48 |
| 56 |
| 58 |
| 7 |
| 69 |
| 82 |
| 36 |
| 32 |
| 41 |
| 15 |
| 24 |
| 73 |
| 50 |
| 39 |
| 74 |
| 50 |
| 84 |
| 80 |
| 55 |
| 66 |
| 11 |
| 10 |
| 12 |
| 57 |
| 91 |
| 75 |
| 82 |
| 91 |
| 22 |
| 47 |
| 32 |
| 80 |
| 36 |
| 18 |
| 50 |
| 82 |
| 10 |
| 39 |
| 49 |
| 80 |
| 63 |
| 17 |
| 100 |
| 80 |
| 47 |
| 99 |
| 19 |
| 86 |
| 32 |
| 40 |
| 17 |
| 11 |
| 33 |
| 33 |
| 53 |
| 58 |
| 57 |
| 47 |
| 23 |
| 8 |
| 91 |
| 100 |
| 24 |
| 36 |
| 59 |
| 77 |
| 10 |
| 58 |
| 43 |
| 91 |
| 77 |
| 60 |
| 39 |
| 91 |
| 43 |
| 51 |
| 63 |
| 44 |
| 12 |
| 56 |
| 27 |
| 19 |
| 87 |
| 16 |
| 51 |
| 80 |
| 24 |
| 82 |
| 45 |
| 25 |
| 37 |
| 89 |
| 45 |
| 10 |
| 74 |
| 71 |
| 68 |
| 98 |
| 18 |
| 46 |
| 42 |
| 15 |
| 87 |
| 44 |
| 52 |
| 75 |
| 16 |
| 62 |
| 66 |
| 81 |
| 11 |
| 82 |
| 79 |
| 81 |
| 34 |
| 68 |
| 46 |
| 7 |
| 36 |
| 55 |
| 40 |
| 78 |
| 79 |
| 90 |
| 25 |
| 18 |
| 67 |
| 22 |
| 22 |
| 14 |
| 35 |
| 44 |
| 93 |
| 91 |
| 62 |
| 64 |
| 70 |
| 24 |
| 35 |
| 10 |
| 20 |
| 50 |
| 51 |
| 28 |
| 24 |
| 81 |
| 19 |
| 52 |
| 87 |
| 83 |
| 90 |
| 55 |
| 33 |
| 59 |
| 17 |
| 11 |
| 47 |
| 100 |
| 27 |
| 55 |
| 93 |
| 54 |
| 28 |
| 35 |
| 97 |
| 79 |
| 41 |
| 60 |
| 25 |
| 39 |
| 21 |
| 23 |
| 44 |
| 40 |
| 26 |
| 43 |
| 54 |
| 99 |
| 50 |
| 43 |
| 60 |
| 47 |
| 80 |
| 62 |
| 72 |
| 16 |
| 9 |
| 31 |
| 66 |
| 9 |
| 84 |
| 83 |
| 62 |
| 73 |
| 60 |
| 92 |
| 12 |
| 70 |
| 38 |
| 11 |
| 71 |
| 37 |
| 71 |
| 21 |
| 24 |
| 63 |
| 92 |
| 26 |
| 67 |
| 43 |
| 44 |
| 33 |
| 44 |
| 16 |
| 57 |
| 89 |
| 16 |
| 7 |
| 8 |
| w_ytd |
| 518268.718750 |
| d_ytd |
| 49587.984375 |
| c_balance | c_ytd_payment | c_payment_cnt |
| -1531.908325 | 1531.908325 | 2 |
| d_next_o_id |
| 3006 |
| s_quantity |
| 11 |
| s_quantity |
| 64 |
| s_quantity |
| 63 |
| s_quantity |
| 62 |
| s_quantity |
| 30 |
| s_quantity |
| 92 |
| s_quantity |
| 91 |
| s_quantity |
| 36 |
| s_quantity |
| 10 |
| s_quantity |
| 91 |
| s_quantity |
| 80 |
| c_balance | c_first | c_last |
| -10.000000 | xqblbemhvwxrqlk | BARABLEABLE |
| o_id | o_carrier_id | o_ol_cnt |
| 1 | 9 | 8 |
| 2 | 5 | 10 |
| 3 | 10 | 12 |
| 4 | 4 | 8 |
| 5 | 6 | 14 |
| 6 | 1 | 11 |
| 7 | 5 | 13 |
| 8 | 3 | 5 |
| 9 | 4 | 12 |
| 10 | 8 | 13 |
| 11 | 1 | 8 |
| 12 | 1 | 7 |
| 13 | 3 | 5 |
| 14 | 2 | 8 |
| 15 | 5 | 9 |
| 16 | 1 | 12 |
| 17 | 8 | 10 |
| 18 | 5 | 12 |
| 19 | 8 | 5 |
| 20 | 9 | 10 |
| 21 | 2 | 11 |
| 22 | 1 | 9 |
| 23 | 5 | 9 |
| 24 | 4 | 11 |
| 25 | 0 | 14 |
| 26 | 0 | 11 |
| 27 | 0 | 6 |
| 28 | 0 | 9 |
| 29 | 0 | 10 |
| 30 | 0 | 8 |
| 3001 | 0 | 14 |
| 3002 | 0 | 6 |
| 3003 | 0 | 6 |
| 3004 | 0 | 6 |
| 3005 | 0 | 9 |
| 3006 | 0 | 12 |
| 3007 | 0 | 13 |
| 3008 | 0 | 10 |
| 3009 | 0 | 7 |
| 3010 | 0 | 7 |
| 3011 | 0 | 10 |
| w_ytd |
| 522036.218750 |
| d_ytd |
| 40633.441406 |
| c_balance | c_ytd_payment | c_payment_cnt |
| -10.000000 | 10.000000 | 1 |
| no_o_id |
| 25 |
| 26 |
| 27 |
| 28 |
| 29 |
| 30 |
| 3001 |
| 3002 |
| 3003 |
| 3004 |
| no_o_id |
| 25 |
| 26 |
| 27 |
| 28 |
| 29 |
| 30 |
| 3001 |
| 3002 |
| 3003 |
| 3004 |
| 3005 |
| 3006 |
| 3007 |
| 3008 |
| 3009 |
| 3010 |
| 3011 |
| no_o_id |
| 25 |
| 26 |
| 27 |
| 28 |
| 29 |
| 30 |
| 3001 |
| 3002 |
| 3003 |
| 3004 |
| 3005 |
| no_o_id |
| 25 |
| 26 |
| 27 |
| 28 |
| 29 |
| 30 |
| 3001 |
| 3002 |
| 3003 |
| 3004 |
| 3005 |
| no_o_id |
| 25 |
| 26 |
| 27 |
| 28 |
| 29 |
| 30 |
| 3001 |
| 3002 |
| 3003 |
| 3004 |
| 3005 |
| 3006 |
| no_o_id |
| 25 |
| 26 |
| 27 |
| 28 |
| 29 |
| 30 |
| 3001 |
| 3002 |
| 3003 |
| 3004 |
| 3005 |
| 3006 |
| 3007 |
| 3008 |
| 3009 |
| 3010 |
| 3011 |
| 3012 |
| 3013 |
| 3014 |
| 3015 |
| no_o_id |
| 25 |
| 26 |
| 27 |
| 28 |
| 29 |
| 30 |
| 3001 |
| 3002 |
| 3003 |
| 3004 |
| 3005 |
| 3006 |
| no_o_id |
| 25 |
| 26 |
| 27 |
| 28 |
| 29 |
| 30 |
| 3001 |
| 3002 |
| 3003 |
| 3004 |
| 3005 |
| 3006 |
| 3007 |
| no_o_id |
| 25 |
| 26 |
| 27 |
| 28 |
| 29 |
| 30 |
| 3001 |
| 3002 |
| 3003 |
| 3004 |
| 3005 |
| no_o_id |
| 25 |
| 26 |
| 27 |
| 28 |
| 29 |
| 30 |
| 3001 |
| 3002 |
| 3003 |
| 3004 |
| 3005 |
| 3006 |
| 3007 |
| 3008 |
| 3009 |
| 3010 |
| 3011 |
| 3012 |
| 3013 |
| d_next_o_id |
| 3007 |
| s_quantity |
| 47 |
| s_quantity |
| 26 |
| s_quantity |
| 72 |
| s_quantity |
| 68 |
| s_quantity |
| 78 |
| s_quantity |
| 8 |
| w_ytd |
| 526830.062500 |
| d_ytd |
| 45731.757812 |
| c_balance | c_ytd_payment | c_payment_cnt |
| -10.000000 | 10.000000 | 1 |
| w_ytd |
| 529359.125000 |
| d_ytd |
| 61131.367188 |
| c_balance | c_ytd_payment | c_payment_cnt |
| -10.000000 | 10.000000 | 1 |
| d_next_o_id |
| 3006 |
| s_quantity |
| 16 |
| s_quantity |
| 25 |
| s_quantity |
| 37 |
| s_quantity |
| 58 |
| s_quantity |
| 19 |
| s_quantity |
| 97 |
| s_quantity |
| 86 |
| s_quantity |
| 92 |
| s_quantity |
| 57 |
| s_quantity |
| 98 |
| w_ytd |
| 532574.437500 |
| d_ytd |
| 69927.195312 |
| c_balance | c_ytd_payment | c_payment_cnt |
| -10.000000 | 10.000000 | 1 |
| d_next_o_id |
| 3006 |
| s_quantity |
| 93 |
| s_quantity |
| 90 |
| s_quantity |
| 31 |
| s_quantity |
| 81 |
| s_quantity |
| 61 |
| s_quantity |
| 62 |
| s_quantity |
| 10 |
| s_quantity |
| 77 |
| s_quantity |
| 44 |
| s_quantity |
| 48 |
| s_quantity |
| 88 |
| s_quantity |
| 72 |
| d_next_o_id |
| 3008 |
| s_quantity |
| 50 |
| s_quantity |
| 25 |
| s_quantity |
| 67 |
| s_quantity |
| 39 |
| s_quantity |
| 37 |
| s_quantity |
| 96 |
| s_quantity |
| 94 |
| s_quantity |
| 37 |
| s_quantity |
| 19 |
| s_quantity |
| 86 |
| s_quantity |
| 42 |
| s_quantity |
| 33 |
| s_quantity |
| 54 |
| s_quantity |
| 18 |
| s_quantity |
| 43 |
| w_ytd |
| 536916.187500 |
| d_ytd |
| 47188.960938 |
| c_balance | c_ytd_payment | c_payment_cnt |
| -10.000000 | 10.000000 | 1 |
| w_ytd |
| 537332.312500 |
| d_ytd |
| 64346.675781 |
| c_balance | c_ytd_payment | c_payment_cnt |
| -10.000000 | 10.000000 | 1 |
| d_next_o_id |
| 3016 |
| s_quantity |
| 66 |
| s_quantity |
| 19 |
| s_quantity |
| 70 |
| s_quantity |
| 79 |
| s_quantity |
| 16 |
| s_quantity |
| 38 |
| s_quantity |
| 8 |
| s_quantity |
| 93 |
| s_quantity |
| 28 |
| s_quantity |
| 83 |
| s_quantity |
| 91 |
| s_quantity |
| 62 |
| s_quantity |
| 50 |
| s_quantity |
| 93 |
| d_next_o_id |
| 3017 |
| s_quantity |
| 50 |
| s_quantity |
| 95 |
| s_quantity |
| 87 |
| s_quantity |
| 97 |
| s_quantity |
| 55 |
| s_quantity |
| 33 |
| s_quantity |
| 83 |
| s_quantity |
| 87 |
| d_next_o_id |
| 3014 |
| s_quantity |
| 87 |
| 42 |
| 100 |
| 41 |
| 13 |
| 72 |
| 48 |
| 21 |
| 86 |
| 91 |
| 77 |
| 35 |
| 82 |
| 81 |
| 94 |
| 37 |
| 30 |
| 34 |
| 12 |
| 42 |
| 74 |
| 12 |
| 83 |
| 83 |
| 42 |
| 31 |
| 44 |
| 62 |
| 54 |
| 26 |
| 79 |
| 18 |
| 56 |
| 17 |
| 91 |
| 73 |
| 19 |
| 11 |
| 82 |
| 70 |
| 38 |
| 64 |
| 31 |
| 68 |
| 23 |
| 92 |
| 11 |
| 21 |
| 20 |
| 65 |
| 79 |
| 83 |
| 44 |
| 84 |
| 32 |
| 89 |
| 45 |
| 5 |
| 16 |
| 72 |
| 32 |
| 23 |
| 54 |
| 68 |
| 46 |
| 97 |
| 40 |
| 91 |
| 35 |
| 81 |
| 58 |
| 91 |
| 66 |
| 64 |
| 69 |
| 8 |
| 72 |
| 23 |
| 31 |
| 24 |
| 95 |
| 12 |
| 83 |
| 50 |
| 52 |
| 89 |
| 19 |
| 14 |
| 32 |
| 85 |
| 69 |
| 59 |
| 5 |
| 22 |
| 35 |
| 45 |
| 33 |
| 92 |
| 62 |
| 71 |
| 68 |
| 39 |
| 35 |
| 76 |
| 32 |
| 27 |
| 74 |
| 83 |
| 48 |
| 62 |
| 96 |
| 6 |
| 27 |
| 76 |
| 58 |
| 33 |
| 40 |
| 13 |
| 18 |
| 98 |
| 49 |
| 23 |
| 7 |
| 48 |
| 70 |
| 10 |
| 90 |
| 83 |
| 47 |
| 60 |
| 97 |
| 51 |
| 78 |
| 58 |
| 63 |
| 41 |
| 38 |
| 84 |
| 89 |
| 33 |
| 85 |
| 78 |
| 92 |
| 23 |
| 99 |
| 56 |
| 66 |
| 67 |
| 76 |
| 67 |
| 75 |
| 56 |
| 24 |
| 71 |
| 76 |
| 39 |
| 50 |
| 91 |
| 9 |
| 54 |
| 90 |
| 100 |
| 34 |
| 24 |
| 91 |
| 27 |
| 95 |
| 84 |
| 5 |
| 90 |
| 94 |
| 83 |
| 64 |
| 17 |
| 90 |
| 82 |
| 79 |
| 17 |
| 98 |
| 80 |
| 27 |
| 85 |
| 79 |
| 44 |
| 86 |
| 77 |
| 85 |
| 80 |
| 13 |
| 5 |
| 62 |
| 37 |
| 34 |
| 15 |
| 32 |
| 66 |
| 16 |
| 38 |
| 85 |
| 88 |
| 86 |
| 88 |
| 63 |
| 59 |
| 9 |
| 81 |
| 29 |
| 36 |
| 67 |
| 77 |
| 100 |
| 96 |
| 72 |
| 17 |
| 38 |
| 16 |
| 29 |
| 97 |
| 71 |
| 77 |
| 87 |
| 36 |
| 66 |
| 64 |
| 73 |
| 71 |
| 5 |
| 44 |
| 81 |
| 58 |
| 56 |
| 33 |
| 21 |
| 37 |
| 51 |
| 40 |
| 86 |
| 37 |
| 80 |
| 85 |
| 83 |
| 72 |
| 34 |
| 73 |
| 8 |
| 25 |
| 54 |
| 57 |
| 95 |
| 40 |
| 73 |
| 24 |
| 13 |
| 82 |
| 41 |
| 43 |
| 88 |
| 78 |
| 60 |
| 27 |
| 90 |
| 60 |
| 18 |
| 63 |
| 44 |
| 66 |
| 42 |
| 80 |
| 76 |
| 99 |
| 86 |
| 64 |
| 34 |
| 27 |
| 56 |
| 12 |
| 23 |
| 57 |
| 17 |
| 89 |
| 42 |
| 75 |
| 31 |
| 64 |
| 28 |
| 11 |
| 98 |
| 56 |
| 87 |
| 64 |
| 31 |
| 73 |
| 29 |
| 50 |
| 76 |
| 46 |
| 15 |
| 75 |
| 52 |
| 71 |
| 38 |
| 5 |
| 76 |
| 48 |
| 72 |
| 55 |
| 54 |
| 91 |
| 49 |
| 40 |
| 88 |
| 78 |
| 95 |
| 73 |
| 21 |
| 45 |
| 54 |
| 18 |
| 61 |
| 29 |
| 58 |
| 73 |
| 36 |
| 33 |
| 39 |
| 27 |
| 61 |
| 27 |
| 84 |
| 68 |
| 13 |
| 59 |
| 30 |
| 16 |
| 47 |
| 55 |
| 49 |
| 5 |
| 81 |
| 75 |
| 76 |
| 65 |
| 37 |
| 53 |
| 17 |
| 19 |
| 45 |
| 58 |
| 91 |
| 16 |
| 24 |
| 41 |
| 88 |
| 70 |
| 43 |
| 37 |
| 21 |
| 61 |
| 32 |
| 13 |
| 29 |
| 19 |
| 6 |
| 83 |
| 69 |
| 33 |
| 96 |
| 29 |
| 49 |
| 27 |
| 26 |
| 100 |
| 29 |
| 81 |
| 33 |
| 49 |
| 95 |
| 88 |
| 42 |
| 36 |
| 68 |
| 83 |
| 47 |
| 91 |
| 74 |
| 32 |
| 39 |
| 65 |
| 66 |
| 44 |
| 65 |
| 16 |
| 57 |
| 31 |
| 77 |
| 90 |
| 30 |
| 61 |
| 13 |
| 62 |
| 99 |
| 32 |
| 33 |
| 94 |
| 39 |
| 23 |
| 94 |
| 41 |
| 54 |
| 56 |
| 82 |
| 75 |
| 42 |
| 56 |
| 77 |
| 35 |
| 68 |
| 72 |
| 42 |
| 34 |
| 66 |
| 88 |
| 42 |
| 92 |
| 57 |
| 46 |
| 21 |
| 86 |
| 71 |
| 10 |
| 11 |
| 89 |
| 8 |
| 71 |
| 89 |
| 69 |
| 17 |
| 40 |
| 42 |
| 73 |
| 91 |
| 43 |
| 73 |
| 56 |
| 15 |
| 58 |
| 74 |
| 21 |
| 81 |
| 54 |
| 70 |
| 30 |
| 64 |
| 92 |
| 91 |
| 58 |
| 83 |
| 64 |
| 26 |
| 20 |
| 11 |
| 95 |
| 49 |
| 77 |
| 61 |
| 79 |
| 91 |
| 67 |
| 8 |
| 14 |
| 62 |
| 95 |
| 41 |
| 92 |
| 7 |
| 84 |
| 88 |
| 75 |
| 74 |
| 12 |
| 37 |
| 25 |
| 19 |
| 88 |
| 45 |
| 50 |
| 60 |
| 98 |
| 10 |
| 57 |
| 54 |
| 78 |
| 34 |
| 27 |
| 74 |
| 23 |
| 46 |
| 82 |
| 20 |
| 97 |
| 62 |
| 75 |
| 27 |
| 67 |
| 95 |
| 56 |
| 14 |
| 76 |
| 85 |
| 76 |
| 68 |
| 67 |
| 56 |
| 58 |
| 87 |
| 60 |
| 75 |
| 51 |
| 57 |
| 28 |
| 20 |
| 31 |
| 37 |
| 82 |
| 61 |
| 90 |
| 39 |
| 23 |
| 22 |
| 41 |
| 12 |
| 82 |
| 28 |
| 51 |
| 8 |
| 86 |
| 26 |
| 16 |
| 43 |
| 46 |
| 83 |
| 69 |
| 14 |
| 32 |
| 30 |
| 16 |
| 91 |
| 47 |
| 61 |
| 15 |
| 93 |
| 54 |
| 14 |
| 87 |
| 6 |
| 84 |
| 23 |
| 26 |
| 93 |
| 61 |
| 33 |
| 67 |
| 33 |
| 30 |
| 83 |
| 58 |
| 44 |
| 81 |
| 56 |
| 81 |
| 57 |
| 97 |
| 76 |
| 15 |
| 12 |
| 15 |
| 30 |
| 59 |
| 57 |
| 80 |
| 50 |
| 55 |
| 45 |
| 15 |
| 93 |
| 26 |
| 48 |
| 87 |
| 12 |
| 92 |
| 7 |
| 73 |
| 48 |
| 67 |
| 46 |
| 81 |
| 27 |
| 80 |
| 49 |
| 29 |
| 83 |
| 16 |
| 78 |
| 82 |
| 35 |
| 83 |
| 32 |
| 28 |
| 64 |
| 69 |
| 16 |
| 25 |
| 24 |
| 78 |
| 50 |
| 31 |
| 47 |
| 5 |
| 52 |
| 96 |
| 45 |
| 28 |
| 73 |
| 13 |
| 48 |
| 82 |
| 81 |
| 16 |
| 68 |
| 67 |
| 98 |
| 11 |
| 52 |
| 61 |
| 97 |
| 42 |
| 32 |
| 35 |
| 45 |
| 55 |
| 74 |
| 52 |
| 82 |
| 81 |
| 36 |
| 55 |
| 32 |
| 72 |
| 13 |
| 54 |
| 22 |
| 11 |
| 36 |
| 76 |
| 43 |
| 53 |
| 50 |
| 10 |
| 51 |
| 57 |
| 47 |
| 40 |
| 76 |
| 84 |
| 67 |
| 21 |
| 44 |
| 99 |
| 35 |
| 90 |
| 13 |
| 12 |
| 64 |
| 46 |
| 34 |
| 99 |
| 13 |
| 42 |
| 22 |
| 49 |
| 70 |
| 75 |
| 65 |
| 36 |
| 31 |
| 91 |
| 34 |
| 79 |
| 29 |
| 55 |
| 68 |
| 52 |
| 56 |
| 12 |
| 83 |
| 98 |
| 55 |
| 53 |
| 28 |
| 12 |
| 76 |
| 73 |
| 99 |
| 88 |
| 36 |
| 67 |
| 96 |
| 9 |
| 10 |
| 95 |
| 41 |
| 60 |
| 78 |
| 73 |
| 37 |
| 62 |
| 91 |
| 37 |
| 99 |
| 38 |
| 67 |
| 95 |
| 50 |
| 85 |
| 13 |
| 23 |
| 46 |
| 90 |
| 11 |
| 46 |
| 23 |
| 20 |
| 24 |
| 52 |
| 13 |
| 74 |
| 79 |
| 31 |
| 57 |
| 88 |
| 67 |
| 83 |
| 36 |
| 68 |
| 18 |
| 42 |
| 36 |
| 52 |
| 56 |
| 43 |
| 12 |
| 54 |
| 38 |
| 64 |
| 99 |
| 80 |
| 23 |
| 90 |
| 11 |
| 73 |
| 61 |
| 87 |
| 25 |
| 53 |
| 20 |
| 80 |
| 86 |
| 38 |
| 6 |
| 6 |
| 93 |
| 41 |
| 35 |
| 30 |
| 34 |
| 24 |
| 13 |
| 83 |
| 92 |
| 72 |
| 7 |
| 48 |
| 56 |
| 58 |
| 7 |
| 69 |
| 82 |
| 36 |
| 32 |
| 41 |
| 15 |
| 24 |
| 73 |
| 45 |
| 39 |
| 74 |
| 50 |
| 84 |
| 80 |
| 55 |
| 66 |
| 11 |
| 5 |
| 12 |
| 57 |
| 86 |
| 75 |
| 82 |
| 91 |
| 22 |
| 47 |
| 32 |
| 80 |
| 36 |
| 18 |
| 50 |
| 82 |
| 10 |
| 39 |
| 49 |
| 80 |
| 63 |
| 17 |
| 100 |
| 80 |
| 47 |
| 99 |
| 19 |
| 86 |
| 32 |
| 40 |
| 17 |
| 11 |
| 33 |
| 33 |
| 53 |
| 53 |
| 57 |
| 47 |
| 23 |
| 8 |
| 91 |
| 100 |
| 24 |
| 36 |
| 59 |
| 77 |
| 10 |
| 58 |
| 43 |
| 91 |
| 77 |
| 60 |
| 39 |
| 91 |
| 38 |
| 51 |
| 63 |
| 44 |
| 12 |
| 56 |
| 27 |
| 14 |
| 87 |
| 11 |
| 51 |
| 80 |
| 24 |
| 82 |
| 45 |
| 25 |
| 37 |
| 89 |
| 45 |
| 10 |
| 74 |
| 71 |
| 68 |
| 93 |
| 18 |
| 46 |
| 42 |
| 15 |
| 87 |
| 44 |
| 52 |
| 75 |
| 16 |
| 62 |
| 66 |
| 81 |
| 11 |
| 82 |
| 79 |
| 81 |
| 34 |
| 68 |
| 46 |
| 7 |
| 36 |
| 55 |
| 40 |
| 73 |
| 79 |
| 90 |
| 25 |
| 18 |
| 67 |
| 22 |
| 22 |
| 14 |
| 35 |
| 44 |
| 93 |
| 91 |
| 62 |
| 64 |
| 70 |
| 24 |
| 35 |
| 10 |
| 20 |
| 50 |
| 51 |
| 28 |
| 24 |
| 81 |
| 14 |
| 52 |
| 82 |
| 83 |
| 90 |
| 55 |
| 33 |
| 59 |
| 17 |
| 11 |
| 47 |
| 100 |
| 27 |
| 55 |
| 93 |
| 54 |
| 23 |
| 35 |
| 92 |
| 79 |
| 41 |
| 60 |
| 20 |
| 39 |
| 21 |
| 23 |
| 44 |
| 40 |
| 26 |
| 43 |
| 54 |
| 99 |
| 50 |
| 43 |
| 60 |
| 42 |
| 80 |
| 57 |
| 67 |
| 16 |
| 9 |
| 31 |
| 66 |
| 9 |
| 84 |
| 83 |
| 62 |
| 73 |
| 60 |
| 92 |
| 12 |
| 70 |
| 38 |
| 6 |
| 71 |
| 37 |
| 71 |
| 21 |
| 24 |
| 63 |
| 92 |
| 26 |
| 67 |
| 43 |
| 44 |
| 28 |
| 44 |
| 16 |
| 52 |
| 89 |
| 16 |
| 7 |
| 8 |
| d_next_o_id |
| 3018 |
| s_quantity |
| 55 |
| s_quantity |
| 88 |
| s_quantity |
| 43 |
| s_quantity |
| 44 |
| s_quantity |
| 83 |
| s_quantity |
| 36 |
| s_quantity |
| 12 |
| s_quantity |
| 53 |
| s_quantity |
| 31 |
| s_quantity |
| 76 |
| s_quantity |
| 73 |
| s_quantity |
| 37 |
| d_next_o_id |
| 3009 |
| s_quantity |
| 11 |
| s_quantity |
| 75 |
| s_quantity |
| 15 |
| s_quantity |
| 36 |
| s_quantity |
| 83 |
| s_quantity |
| 60 |
| s_quantity |
| 12 |
| s_quantity |
| 77 |
| s_quantity |
| 16 |
| s_quantity |
| 34 |
| s_quantity |
| 48 |
| s_quantity |
| 29 |
| no_o_id |
| 26 |
| 27 |
| 28 |
| 29 |
| 30 |
| 3001 |
| 3002 |
| 3003 |
| 3004 |
| no_o_id |
| 26 |
| 27 |
| 28 |
| 29 |
| 30 |
| 3001 |
| 3002 |
| 3003 |
| 3004 |
| 3005 |
| 3006 |
| 3007 |
| 3008 |
| 3009 |
| 3010 |
| 3011 |
| no_o_id |
| 26 |
| 27 |
| 28 |
| 29 |
| 30 |
| 3001 |
| 3002 |
| 3003 |
| 3004 |
| 3005 |
| no_o_id |
| 26 |
| 27 |
| 28 |
| 29 |
| 30 |
| 3001 |
| 3002 |
| 3003 |
| 3004 |
| 3005 |
| 3006 |
| no_o_id |
| 26 |
| 27 |
| 28 |
| 29 |
| 30 |
| 3001 |
| 3002 |
| 3003 |
| 3004 |
| 3005 |
| 3006 |
| 3007 |
| no_o_id |
| 26 |
| 27 |
| 28 |
| 29 |
| 30 |
| 3001 |
| 3002 |
| 3003 |
| 3004 |
| 3005 |
| 3006 |
| 3007 |
| 3008 |
| 3009 |
| 3010 |
| 3011 |
| 3012 |
| 3013 |
| 3014 |
| 3015 |
| 3016 |
| 3017 |
| 3018 |
| no_o_id |
| 26 |
| 27 |
| 28 |
| 29 |
| 30 |
| 3001 |
| 3002 |
| 3003 |
| 3004 |
| 3005 |
| 3006 |
| no_o_id |
| 26 |
| 27 |
| 28 |
| 29 |
| 30 |
| 3001 |
| 3002 |
| 3003 |
| 3004 |
| 3005 |
| 3006 |
| 3007 |
| 3008 |
| 3009 |
| no_o_id |
| 26 |
| 27 |
| 28 |
| 29 |
| 30 |
| 3001 |
| 3002 |
| 3003 |
| 3004 |
| 3005 |
| 3006 |
| no_o_id |
| 26 |
| 27 |
| 28 |
| 29 |
| 30 |
| 3001 |
| 3002 |
| 3003 |
| 3004 |
| 3005 |
| 3006 |
| 3007 |
| 3008 |
| 3009 |
| 3010 |
| 3011 |
| 3012 |
| 3013 |
| d_next_o_id |
| 3010 |
| s_quantity |
| 87 |
| s_quantity |
| 30 |
| s_quantity |
| 71 |
| s_quantity |
| 23 |
| s_quantity |
| 15 |
| s_quantity |
| 85 |
| s_quantity |
| 56 |
| s_quantity |
| 53 |
| s_quantity |
| 57 |
